-- phpMyAdmin SQL Dump
-- version 5.2.0
-- https://www.phpmyadmin.net/
--
-- Máy chủ: 127.0.0.1
-- Thời gian đã tạo: Th6 19, 2023 lúc 08:46 AM
-- Phiên bản máy phục vụ: 10.4.27-MariaDB
-- Phiên bản PHP: 8.2.0

SET SQL_MODE = "NO_AUTO_VALUE_ON_ZERO";
START TRANSACTION;
SET time_zone = "+00:00";


/*!40101 SET @OLD_CHARACTER_SET_CLIENT=@@CHARACTER_SET_CLIENT */;
/*!40101 SET @OLD_CHARACTER_SET_RESULTS=@@CHARACTER_SET_RESULTS */;
/*!40101 SET @OLD_COLLATION_CONNECTION=@@COLLATION_CONNECTION */;
/*!40101 SET NAMES utf8mb4 */;

--
-- Cơ sở dữ liệu: `doanbaochimvc`
--

-- --------------------------------------------------------

--
-- Cấu trúc bảng cho bảng `tbl_admin`
--

CREATE TABLE `tbl_admin` (
  `adminID` int(11) NOT NULL,
  `adminName` varchar(255) DEFAULT NULL COMMENT 'Tên tác giả/admin',
  `Email` varchar(255) DEFAULT NULL,
  `adminUser` varchar(255) DEFAULT NULL COMMENT 'Tên tài khoản đăng nhập',
  `adminPass` varchar(255) DEFAULT NULL COMMENT 'Mật khẩu',
  `roleID` int(11) NOT NULL,
  `Active` bit(1) DEFAULT NULL COMMENT 'Trạng thái tài khoản',
  `Avatar` varchar(255) CHARACTER SET utf8 COLLATE utf8_unicode_ci DEFAULT NULL COMMENT 'Ảnh đại diện'
) ENGINE=InnoDB DEFAULT CHARSET=utf8 COLLATE=utf8_general_ci;

--
-- Đang đổ dữ liệu cho bảng `tbl_admin`
--

INSERT INTO `tbl_admin` (`adminID`, `adminName`, `Email`, `adminUser`, `adminPass`, `roleID`, `Active`, `Avatar`) VALUES
(1, 'admin', 'admin@gmail.com', 'admin', '21232f297a57a5a743894a0e4a801fc3', 1, b'1', ''),
(39, 'admin2', 'admin2', 'admin2', '5e543256c480ac577d30f76f9120eb74', 2, b'1', ''),
(42, 'admin3', 'admin3', 'admin3', '32cacb2f994f6b42183a1300d9a3e8d6', 2, b'1', ''),
(43, 'Em Lý', 'hi', 'ly123', '8b43bec391cda3d89b2db2d6e3a3a169', 2, b'1', '5bdd299876.png'),
(44, 'nguoidung', 'nguoidung', 'nguoidung', 'a916938188dc916c35fba826dd78633b', 3, b'1', '');

-- --------------------------------------------------------

--
-- Cấu trúc bảng cho bảng `tbl_adminmenu`
--

CREATE TABLE `tbl_adminmenu` (
  `adminMenuID` int(255) NOT NULL,
  `adminMenuName` varchar(50) CHARACTER SET utf8 COLLATE utf8_unicode_ci DEFAULT NULL COMMENT 'Tên của Admin menu',
  `ParentLevel` int(255) DEFAULT NULL COMMENT 'Admin menu cha',
  `MenuOrder` int(255) DEFAULT NULL COMMENT 'Sắp xếp thứ tự Admin menu',
  `MenuTarget` varchar(20) CHARACTER SET utf8 COLLATE utf8_unicode_ci DEFAULT NULL,
  `Icon` varchar(255) CHARACTER SET utf8 COLLATE utf8_unicode_ci DEFAULT NULL,
  `Link` text CHARACTER SET utf8mb4 COLLATE utf8mb4_unicode_ci DEFAULT NULL COMMENT 'đường dẫn của adminmenu',
  `IdName` varchar(255) CHARACTER SET utf8 COLLATE utf8_unicode_ci DEFAULT NULL,
  `IsActive` bit(1) DEFAULT NULL COMMENT 'Trạng thái của Admin menu',
  `ClassName` varchar(255) DEFAULT NULL COMMENT 'là class name'
) ENGINE=InnoDB DEFAULT CHARSET=utf8 COLLATE=utf8_general_ci;

--
-- Đang đổ dữ liệu cho bảng `tbl_adminmenu`
--

INSERT INTO `tbl_adminmenu` (`adminMenuID`, `adminMenuName`, `ParentLevel`, `MenuOrder`, `MenuTarget`, `Icon`, `Link`, `IdName`, `IsActive`, `ClassName`) VALUES
(1, 'Trang chủ', NULL, 1, NULL, 'menu-icon tf-icons bx bx-home-circle', '/admin/page/index.php', NULL, b'1', 'menu-link'),
(2, 'Mục quản lý bảngs', NULL, 2, NULL, 'menu-icon tf-icons bx bx-table', '', NULL, b'1', 'menu-link'),
(3, 'Bảng thể loại', 2, 1, NULL, '', '/admin/page/category/list.php', NULL, b'1', 'menu-link'),
(4, 'con thể loại', 3, 1, NULL, '', '', NULL, b'0', 'menu-link'),
(5, 'Bảng người dùng', 2, 2, NULL, NULL, '/admin/page/user/list.php', NULL, b'1', 'menu-link'),
(6, 'Quản lý bài viết', NULL, 3, NULL, 'menu-icon tf-icons bx bxs-news', NULL, NULL, b'1', 'menu-link'),
(7, 'Các bài viết đã đăng', 6, 3, NULL, NULL, '/admin/page/post/listdadang.php', NULL, b'1', 'menu-link'),
(8, 'Thêm bài viết mới', 6, 1, NULL, NULL, '/admin/page/post/addform.php', NULL, b'1', 'menu-link'),
(9, 'Duyệt bài viết', 6, 2, NULL, NULL, '/admin/page/post/listwaitting.php', NULL, b'1', 'menu-link'),
(10, 'Bình luận tương tác', 6, 4, NULL, NULL, '/admin/page/comment/list.php', NULL, b'1', 'menu-link'),
(11, 'Các bài viết của bạn', 6, 5, NULL, NULL, '/admin/page/post/listpostforme.php', NULL, b'1', 'menu-link'),
(12, 'Quản lý liên hệ', NULL, 4, NULL, 'menu-icon tf-icons bx bxs-contact', '/admin/page/contact/list.php', NULL, b'1', 'menu-link'),
(13, 'Quản lý Admin Menu', NULL, 5, NULL, 'menu-icon tf-icons bx bx-menu-alt-left', NULL, NULL, b'1', 'menu-link'),
(15, 'Thêm admin Menu', 13, 1, NULL, NULL, '/admin/page/adminMenu/addform.php', NULL, b'1', 'menu-link'),
(16, 'Danh sách Menu admin', 13, 2, NULL, NULL, '/admin/page/adminMenu/list.php', NULL, b'1', 'menu-link');

-- --------------------------------------------------------

--
-- Cấu trúc bảng cho bảng `tbl_adminmenurole`
--

CREATE TABLE `tbl_adminmenurole` (
  `adminMenuID` int(255) NOT NULL,
  `roleID` int(11) NOT NULL
) ENGINE=InnoDB DEFAULT CHARSET=utf8 COLLATE=utf8_general_ci;

--
-- Đang đổ dữ liệu cho bảng `tbl_adminmenurole`
--

INSERT INTO `tbl_adminmenurole` (`adminMenuID`, `roleID`) VALUES
(1, 1),
(1, 2),
(2, 1),
(3, 1),
(4, 1),
(5, 1),
(6, 1),
(6, 2),
(7, 1),
(8, 1),
(8, 2),
(9, 1),
(10, 1),
(10, 2),
(11, 1),
(11, 2),
(12, 1),
(13, 1),
(13, 3),
(15, 1),
(16, 1);

-- --------------------------------------------------------

--
-- Cấu trúc bảng cho bảng `tbl_category`
--

CREATE TABLE `tbl_category` (
  `catID` int(11) NOT NULL,
  `catName` varchar(255) NOT NULL,
  `catDescription` varchar(255) DEFAULT NULL,
  `parentID` int(11) DEFAULT NULL
) ENGINE=InnoDB DEFAULT CHARSET=utf8 COLLATE=utf8_general_ci;

--
-- Đang đổ dữ liệu cho bảng `tbl_category`
--

INSERT INTO `tbl_category` (`catID`, `catName`, `catDescription`, `parentID`) VALUES
(22, 'Giải trí', 'tin tức ', 0),
(23, 'Đời sống', 'về đời sống', 0),
(24, 'Sức khoẻ', 'các chuyên mục về sức khoẻ', 0),
(25, 'Xã hội', 'xã hội', 0),
(26, 'Sao', 'tin tức về các ngôi sao trong showbiz', 22),
(27, 'Show truyền hình', 'các chương trình truyền hình', 22),
(28, 'Điện ảnh', 'Thông tin về điện ảnh', 22),
(29, 'Âm nhạc', 'mai âm nhạc', 22),
(30, 'Thời sự', 'tin tức thời sự', 25),
(31, 'Pháp luật', 'đảng và nhà nước', 25),
(37, 'ABC', 'ac', 0);

-- --------------------------------------------------------

--
-- Cấu trúc bảng cho bảng `tbl_comment`
--

CREATE TABLE `tbl_comment` (
  `commentID` int(11) NOT NULL,
  `postID` bigint(255) DEFAULT NULL,
  `userName` varchar(255) CHARACTER SET utf8 COLLATE utf8_unicode_ci DEFAULT NULL,
  `comment` varchar(255) CHARACTER SET utf8 COLLATE utf8_unicode_ci DEFAULT NULL,
  `createdDate` datetime DEFAULT current_timestamp() ON UPDATE current_timestamp()
) ENGINE=InnoDB DEFAULT CHARSET=utf8 COLLATE=utf8_general_ci;

--
-- Đang đổ dữ liệu cho bảng `tbl_comment`
--

INSERT INTO `tbl_comment` (`commentID`, `postID`, `userName`, `comment`, `createdDate`) VALUES
(1, 22, 'Em Lý', 'haha', '2023-06-02 22:39:08'),
(2, 22, 'Em Lý', 'haha', '2023-06-02 22:40:06'),
(3, 22, 'Em Lý', 'haha', '2023-06-02 22:45:13'),
(4, 22, 'Em Lý', 'haha', '2023-06-02 22:45:26'),
(5, 22, 'Em Lý', 'haha', '2023-06-02 22:50:40'),
(6, 22, 'Em Lý', 'haha', '2023-06-02 22:53:32'),
(7, 16, 'Em Lý', 'oke', '2023-06-03 15:38:56'),
(9, 23, 'lý', 'tốt', '2023-06-05 09:28:09');

-- --------------------------------------------------------

--
-- Cấu trúc bảng cho bảng `tbl_contact`
--

CREATE TABLE `tbl_contact` (
  `contactID` int(11) NOT NULL,
  `fullName` varchar(50) CHARACTER SET utf8 COLLATE utf8_unicode_ci DEFAULT NULL COMMENT 'Tên người viết liên hệ',
  `email` varchar(50) CHARACTER SET utf8 COLLATE utf8_unicode_ci DEFAULT NULL COMMENT 'Địa chỉ Email người viết liên hệ',
  `message` varchar(255) CHARACTER SET utf8 COLLATE utf8_unicode_ci DEFAULT NULL COMMENT 'Nội dung liên hệ'
) ENGINE=InnoDB DEFAULT CHARSET=utf8 COLLATE=utf8_general_ci;

--
-- Đang đổ dữ liệu cho bảng `tbl_contact`
--

INSERT INTO `tbl_contact` (`contactID`, `fullName`, `email`, `message`) VALUES
(1, 'Hoàng Hải Lý', ' hoanglysn2k2@gmail.com', 'hi'),
(2, 'Hoàng Hải Lý', ' hoanglysn2k2@gmail.com', 'hh'),
(3, 'Hoàng Hải Lý', ' hoanglysn2k2@gmail.com', 'hh');

-- --------------------------------------------------------

--
-- Cấu trúc bảng cho bảng `tbl_post`
--

CREATE TABLE `tbl_post` (
  `postID` bigint(255) NOT NULL,
  `Title` varchar(255) CHARACTER SET utf8 COLLATE utf8_unicode_ci DEFAULT NULL COMMENT 'Tiêu đề bài viết',
  `Abstract` varchar(255) CHARACTER SET utf8 COLLATE utf8_unicode_ci DEFAULT NULL COMMENT 'Tóm tắt bài viết',
  `Contents` longtext CHARACTER SET utf8 COLLATE utf8_unicode_ci DEFAULT NULL COMMENT 'Nội dung bài viết',
  `Images` varchar(255) CHARACTER SET utf8 COLLATE utf8_unicode_ci DEFAULT NULL COMMENT 'Ảnh tiêu đề của bài viết',
  `CreatedDate` datetime DEFAULT current_timestamp() ON UPDATE current_timestamp() COMMENT 'Ngày viết bài',
  `IsActive` bit(1) DEFAULT NULL COMMENT 'Trạng thái kích hoạt',
  `catID` int(11) NOT NULL COMMENT 'Mã Menu',
  `adminID` int(11) NOT NULL COMMENT 'Mã tài khoản viết bài'
) ENGINE=InnoDB DEFAULT CHARSET=utf8 COLLATE=utf8_general_ci;

--
-- Đang đổ dữ liệu cho bảng `tbl_post`
--

INSERT INTO `tbl_post` (`postID`, `Title`, `Abstract`, `Contents`, `Images`, `CreatedDate`, `IsActive`, `catID`, `adminID`) VALUES
(12, 'Bạch Công Khanh bất ngờ lên tiếng xác nhận mâu thuẫn với Nam Em, khẳng định không &#039;chơi xấu&#039; đồng nghiệp', 'Mối quan hệ giữa Bạch Công Khanh và Nam Em ngày càng căng thẳng khi truyền thông liên tục đưa ra những giả thuyết mới. Hiện tại, nam diễn viên đã chính thức đáp...', '<p style=\"color: rgb(68, 68, 68); line-height: 26px; font-family: Arial; font-size: 16px; text-align: justify;\">Điều này đã làm cho cư dân mạng không ngừng đưa ra những suy đoán về tình trạng mối quan hệ \'trên tình bạn\'&nbsp;giữa cả hai. Bởi lẽ trước đó, Nam Em từng tiết lộ cô đã hỏi Bạch Công Khanh về ý định kết hôn với mình và nhận lại được câu trả lời từ \'nửa kia\'. Tuy nhiên ở thời điểm hiện tại, công chúng liên tục \'tấn công\' Nam Em và chỉ có mỗi cô là người đứng lên đáp trả công chúng.&nbsp;</p><p style=\"color: rgb(68, 68, 68); line-height: 26px; font-family: Arial; font-size: 16px; text-align: justify;\">Ấy thế mà mới đây, “nam chính” Bạch Công Khanh đã bất ngờ lên tiếng về ồn ào tình cảm. Diễn viên phim&nbsp;<em style=\"line-height: 26px;\">Duyên Kiếp&nbsp;</em>cho biết những ngày xảy ra scandal anh hoàn toàn không gặp gỡ báo chí. Thêm vào đó, Bạch Công Khanh mong muốn được giữ im lặng trước “sóng gió”, song anh tiết lộ bản thân không thể làm được điều này vì các khán giả liên tục công kích Nam Em.</p><p style=\"color: rgb(68, 68, 68); line-height: 26px; font-family: Arial; font-size: 16px; text-align: justify;\">Nam diễn viên sinh năm 1990 nói:&nbsp;<em style=\"line-height: 26px;\">\'Kể từ khi những ồn ào này xảy ra, đây là lần đầu tiên tôi gặp báo chí. Trước hết tôi muốn gửi lời xin lỗi vì câu chuyện này đã gây nên phiền phức cho mọi người, từ gia đình, bạn bè, đồng nghiệp và quý vị khán giả. Ngay từ đầu, tôi đã chọn cách im lặng để câu chuyện kết thúc càng sớm càng tốt, nhưng khi tôi chọn im lặng mọi người quay sang tấn công Nam Em\'.</em></p><p style=\"color: rgb(68, 68, 68); line-height: 26px; font-family: Arial; font-size: 16px; text-align: center;\"><em style=\"line-height: 26px;\"><img alt=\"Bạch Công Khanh bất ngờ lên tiếng xác nhận mâu thuẫn với Nam Em, khẳng định không chơi xấu đồng nghiệp-1\" src=\"https://ttol.vietnamnetjsc.vn/images/2022/12/23/14/10/90b4c0a9636c765ab5c6dc7e4ab66cdbf0.jpg\" class=\"medium-zoom-image\" style=\"display: inline-block; line-height: 26px; max-width: 100%; cursor: zoom-in; height: auto !important; transition: transform 0.3s cubic-bezier(0.2, 0, 0.2, 1) 0s !important;\"></em></p><p style=\"color: rgb(68, 68, 68); line-height: 26px; font-family: Arial; font-size: 16px; text-align: center;\"><em style=\"line-height: 26px;\">Bạch Công Khanh có ý định giữ im lặng trước ồn ào</em></p><p style=\"color: rgb(68, 68, 68); line-height: 26px; font-family: Arial; font-size: 16px; text-align: justify;\">Vốn là người thân thiết với Nam Em, Bạch Công Khanh nhận xét người đẹp sống rất cảm xúc, thường lựa chọn cách giải quyết vấn đề theo bản năng nên thường gây ra những hiểu lầm không đáng có.&nbsp;</p><p style=\"color: rgb(68, 68, 68); line-height: 26px; font-family: Arial; font-size: 16px; text-align: justify;\">Khi được hỏi về lý do vì sao anh không lên tiếng bảo vệ đồng nghiệp trước scandal, Bạch Công Khanh thẳng thắn cho biết:&nbsp;<em style=\"line-height: 26px;\">\'Mọi người quay ngược lại kêu tôi lên tiếng để đính chính và bảo vệ Nam Em. Tôi sẽ lên tiếng bảo vệ khi biết vấn đề đó là gì, đúng hay sai. Mỗi ngày, trên mạng có biết bao nhiêu câu chuyện được sáng tác, thêu dệt, thổi phồng lên và lan truyền, trong khi nó không có thật. Nếu tôi đính chính, đôi co với từng câu chuyện thì đến bao giờ sự việc này mới kết thúc\'.</em></p><p style=\"color: rgb(68, 68, 68); line-height: 26px; font-family: Arial; font-size: 16px; text-align: center;\"><em style=\"line-height: 26px;\"><img alt=\"Bạch Công Khanh bất ngờ lên tiếng xác nhận mâu thuẫn với Nam Em, khẳng định không chơi xấu đồng nghiệp-2\" src=\"https://ttol.vietnamnetjsc.vn/images/2022/12/23/14/10/902af51416fcfb5392fba960eb3b7c64f7.jpg\" class=\"medium-zoom-image\" style=\"display: inline-block; line-height: 26px; max-width: 100%; cursor: zoom-in; height: auto !important; transition: transform 0.3s cubic-bezier(0.2, 0, 0.2, 1) 0s !important;\"></em></p><p style=\"color: rgb(68, 68, 68); line-height: 26px; font-family: Arial; font-size: 16px; text-align: center;\"><em style=\"line-height: 26px;\">Nam diễn viên cho rằng những câu chuyện trên mạng xã hội đều được dệt thổi</em></p><div class=\"vmcadszone\" id=\"vtzone63\" data=\"https://vads.net.vn/Ad?z=63&amp;w=3&amp;domain=http://tintuconline.com.vn/cat1086&amp;isvast=0\" style=\"line-height: 26px; font-family: Arial; font-size: 16px; color: rgb(68, 68, 68);\"></div><p style=\"color: rgb(68, 68, 68); line-height: 26px; font-family: Arial; font-size: 16px; text-align: justify;\">Bên cạnh đó, diễn viên 9x thừa nhận cả hai có xảy ra bất đồng quan điểm. Tuy nhiên, anh và Nam Em đã giải quyết ổn thỏa vì đó là những chuyện nhỏ nhặt. Bạch Công Khanh nhấn mạnh vấn đề về mối quan hệ giữa cả hai ngày càng bùng nổ do cư dân mạng liên tục đặt ra những giả thuyết vô căn cứ. Thậm chí, sự quy chụp này khiến cho những người trong cuộc đều cảm thấy mệt mỏi.</p>', 'https://ttol.vietnamnetjsc.vn/images/2022/12/23/14/07/sao-voet.jpg', '2023-06-03 15:26:35', b'1', 23, 1),
(13, 'Phan Hiển khóc nức nở bên Khánh Thi, từng sợ không ai tới dự đám cưới', 'Phan Hiển tiết lộ điều mà anh sợ nhất là không ai tham dự đám cưới vì thời điểm công khai tình cảm, cặp đôi vấp phải nhiều dị nghị.', '<div class=\"sapo-detail\" style=\"color: rgb(51, 51, 51); font-size: 16px; font-weight: 600; line-height: 26px; font-family: Arial; margin-bottom: 15px; clear: both;\"><h2 style=\"font-family: arial; margin: 0px; color: rgb(51, 51, 51); font-weight: 600; font-size: 16px; line-height: 26px;\">Phan Hiển tiết lộ điều mà anh sợ nhất là không ai tham dự đám cưới vì thời điểm công khai tình cảm, cặp đôi vấp phải nhiều dị nghị.</h2></div><div class=\"list-same-article\" style=\"margin-bottom: 12px; color: rgb(68, 68, 68); font-family: Arial, sans-serif; font-size: 14px;\"><ul style=\"margin-bottom: 0px; margin-left: 0px;\"><li style=\"display: block; line-height: 24px;\"><a data-utm-source=\"#source=chitiet&amp;medium=tinlienquan1\" href=\"https://tintuconline.com.vn/sao/tro-choi-man-khieu-vu-an-tuong-o-dam-cuoi-cua-khanh-thi-phan-hien-n-546421.html\" title=\"Trò chơi, màn khiêu vũ ấn tượng ở đám cưới của Khánh Thi - Phan Hiển\" style=\"color: rgb(39, 43, 117); transition: all 0.3s ease 0s; position: relative; display: inline-block; line-height: 22px; padding-left: 10px; font-family: Arial; outline: none !important;\">Trò chơi, màn khiêu vũ ấn tượng ở đám cưới của Khánh Thi - Phan Hiển</a></li><li style=\"display: block; line-height: 24px;\"><a data-utm-source=\"#source=chitiet&amp;medium=tinlienquan2\" href=\"https://tintuconline.com.vn/sao/vo-chong-chi-anh-cung-dan-sao-du-le-cuoi-khanh-thi-phan-hien-n-546399.html\" title=\"Vợ chồng Chí Anh cùng dàn sao dự lễ cưới Khánh Thi - Phan Hiển\" style=\"color: rgb(39, 43, 117); transition: all 0.3s ease 0s; position: relative; display: inline-block; line-height: 22px; padding-left: 10px; font-family: Arial; outline: none !important;\">Vợ chồng Chí Anh cùng dàn sao dự lễ cưới Khánh Thi - Phan Hiển</a></li><li style=\"display: block; line-height: 24px;\"><a data-utm-source=\"#source=chitiet&amp;medium=tinlienquan3\" href=\"https://tintuconline.com.vn/sao/khong-gian-le-cuoi-dep-nhu-mo-cua-khanh-thi-phan-hien-n-546394.html\" title=\"Không gian lễ cưới đẹp như mơ của Khánh Thi - Phan Hiển\" style=\"color: rgb(39, 43, 117); transition: all 0.3s ease 0s; position: relative; display: inline-block; line-height: 22px; padding-left: 10px; font-family: Arial; outline: none !important;\">Không gian lễ cưới đẹp như mơ của Khánh Thi - Phan Hiển</a></li></ul></div><div class=\"main-detail-content\" id=\"vmcContent\" style=\"overflow: hidden; color: rgb(68, 68, 68); font-family: Arial, sans-serif; font-size: 14px;\"><h3 style=\"font-family: Arial; margin: 0px; color: rgb(51, 51, 51); font-weight: 600; line-height: 26px; font-size: 16px; text-align: center;\"><em style=\"line-height: 26px;\"><img alt=\"Phan Hiển khóc nức nở bên Khánh Thi, từng sợ không ai tới dự đám cưới-1\" src=\"https://ttol.vietnamnetjsc.vn/images/2022/12/23/10/59/d167538770ca9994c0db.jpg\" class=\"medium-zoom-image\" style=\"display: inline-block; line-height: 26px; max-width: 100%; height: 480px; cursor: zoom-in; width: 720px; transition: transform 0.3s cubic-bezier(0.2, 0, 0.2, 1) 0s !important;\"></em></h3><p style=\"line-height: 26px; font-family: Arial; font-size: 16px; text-align: center;\"><em style=\"line-height: 26px;\">Tối 22/12, đám cưới của Khánh Thi và&nbsp;<a href=\"https://tintuconline.com.vn/tags/phan-hien-209347.vnn\" style=\"color: rgb(9, 78, 181); transition: all 0.3s ease 0s; line-height: 26px; outline: none !important;\">Phan Hiển&nbsp;</a>đã diễn ra. Sân khấu được tạo hình như một lâu đài cổ với không gian hoành tráng, được trang trí ngập hoa tươi. Sau khi đón tiếp khách mời, Khánh Thi thay bộ váy cưới thứ 2 và tiến vào lễ đường với diện mạo lộng lẫy như một nàng công chúa.</em></p><p style=\"line-height: 26px; font-family: Arial; font-size: 16px; text-align: center;\"><em style=\"line-height: 26px;\"><img alt=\"Phan Hiển khóc nức nở bên Khánh Thi, từng sợ không ai tới dự đám cưới-2\" src=\"https://ttol.vietnamnetjsc.vn/images/2022/12/23/10/59/efb96f594c14a54afc05.jpg\" class=\"medium-zoom-image\" style=\"display: inline-block; line-height: 26px; max-width: 100%; height: 416px; cursor: zoom-in; width: 625px; transition: transform 0.3s cubic-bezier(0.2, 0, 0.2, 1) 0s !important;\"></em></p><p style=\"line-height: 26px; font-family: Arial; font-size: 16px; text-align: center;\"><em style=\"line-height: 26px;\">Ông xã Phan Hiển và con trai đã đứng đợi cô ở sân khấu lâu đài. Khi nhìn thấy Khánh Thi, Phan Hiển xúc động bật khóc, anh ôm chầm và trao cho vợ nụ hôn đắm đuối trước sự chứng kiến của mọi người.</em></p><p style=\"line-height: 26px; font-family: Arial; font-size: 16px; text-align: center;\"><em style=\"line-height: 26px;\"><img alt=\"Phan Hiển khóc nức nở bên Khánh Thi, từng sợ không ai tới dự đám cưới-3\" src=\"https://ttol.vietnamnetjsc.vn/images/2022/12/23/10/59/f262778254cfbd91e4de.jpg\" class=\"medium-zoom-image\" style=\"display: inline-block; line-height: 26px; max-width: 100%; height: 416px; cursor: zoom-in; width: 625px; transition: transform 0.3s cubic-bezier(0.2, 0, 0.2, 1) 0s !important;\"></em></p><p style=\"line-height: 26px; font-family: Arial; font-size: 16px; text-align: center;\"><em style=\"line-height: 26px;\">Cậu con trai Kubi cầm tay mẹ trao cho bố. Khoảnh khắc đẹp này khiến tất cả mọi người đều cảm động.</em></p><p style=\"line-height: 26px; font-family: Arial; font-size: 16px; text-align: center;\"><em style=\"line-height: 26px;\"><img alt=\"Phan Hiển khóc nức nở bên Khánh Thi, từng sợ không ai tới dự đám cưới-4\" src=\"https://ttol.vietnamnetjsc.vn/images/2022/12/23/10/59/bf3d3bdd1890f1cea881.jpg\" class=\"medium-zoom-image\" style=\"display: inline-block; line-height: 26px; max-width: 100%; height: 416px; cursor: zoom-in; width: 625px; transition: transform 0.3s cubic-bezier(0.2, 0, 0.2, 1) 0s !important;\"></em></p><p style=\"line-height: 26px; font-family: Arial; font-size: 16px; text-align: center;\"><em style=\"line-height: 26px;\">Trong giây phút thiêng liêng, Khánh Thi xúc động nói: \"Anh là người làm tổn thương em rất nhiều, em khóc rất nhiều nhưng tất cả những gì em yêu cầu, anh là người làm hết tất cả những gì em mong muốn. Em không muốn xa anh. Những lúc em buồn nhất anh đã luôn ở bên em, em chưa yêu một ai chiều em như anh. Ngày hôm nay tôi thật sự đã tìm thấy chồng mình\".</em></p><p style=\"line-height: 26px; font-family: Arial; font-size: 16px; text-align: center;\"><em style=\"line-height: 26px;\"><img alt=\"Phan Hiển khóc nức nở bên Khánh Thi, từng sợ không ai tới dự đám cưới-5\" src=\"https://ttol.vietnamnetjsc.vn/images/2022/12/23/10/59/d6545db47ef997a7cee8.jpg\" class=\"medium-zoom-image\" style=\"display: inline-block; line-height: 26px; max-width: 100%; height: 416px; cursor: zoom-in; width: 625px; transition: transform 0.3s cubic-bezier(0.2, 0, 0.2, 1) 0s !important;\"></em></p><p style=\"line-height: 26px; font-family: Arial; font-size: 16px; text-align: center;\"><em style=\"line-height: 26px;\">Đáp lại bà xã, Phan Hiển thổ lộ: \"Con số mười ba năm rất dài. Mọi người biết vì sao không. Chắc chắn tôi chưa bao giờ nói với Khánh Thi tôi rất sợ khi chúng tôi đến với nhau mọi người lời ra tiếng. Tôi sợ nhất là mời đám cưới không ai đi. Chúng tôi bị rất nhiều người nói, có người rất ngưỡng mộ nhưng có những người rất ghét. Thời điểm đó gần như không một ai ủng hộ chúng tôi nên điều chúng tôi rất sợ đám cưới không có người. Nhưng hôm nay đúng là không có chỗ ngồi. Tôi rất cảm ơn mọi người rất nhiều\".</em></p></div>', 'https://ttol.vietnamnetjsc.vn/images/2022/12/23/14/07/sao-voet.jpg', '2023-06-03 15:26:54', b'1', 23, 1),
(14, 'Cảnh sát Hàn Quốc điều tra show chiếu cảnh cha dượng đụng chạm con gái', 'Sở cảnh sát Jeonbuk Iksan nhận được nhiều khiếu nại liên quan đến Marriage Hell. Chương trình thực tế này đang bị chỉ trích vì chiếu cảnh cha dượng đụng chạm con gái.', '<div class=\"sapo-detail\" style=\"color: rgb(51, 51, 51); font-size: 16px; font-weight: 600; line-height: 26px; font-family: Arial; margin-bottom: 15px; clear: both;\"><h2 style=\"font-family: arial; margin: 0px; color: rgb(51, 51, 51); font-weight: 600; font-size: 16px; line-height: 26px;\">Sở cảnh sát Jeonbuk Iksan nhận được nhiều khiếu nại liên quan đến Marriage Hell. Chương trình thực tế này đang bị chỉ trích vì chiếu cảnh cha dượng đụng chạm con gái.</h2></div><div class=\"list-same-article\" style=\"margin-bottom: 12px; color: rgb(68, 68, 68); font-family: Arial, sans-serif; font-size: 14px;\"><ul style=\"margin-bottom: 0px; margin-left: 0px;\"><li style=\"display: block; line-height: 24px;\"><a data-utm-source=\"#source=chitiet&amp;medium=tinlienquan1\" href=\"https://tintuconline.com.vn/show-truyen-hinh/show-thuc-te-bi-chi-trich-vi-chieu-canh-cha-duong-dung-cham-con-gai-n-546253.html\" title=\"Show thực tế bị chỉ trích vì chiếu cảnh cha dượng đụng chạm con gái\" style=\"color: rgb(39, 43, 117); transition: all 0.3s ease 0s; position: relative; display: inline-block; line-height: 22px; padding-left: 10px; font-family: Arial; outline: none !important;\">Show thực tế bị chỉ trích vì chiếu cảnh cha dượng đụng chạm con gái</a></li><li style=\"display: block; line-height: 24px;\"><a data-utm-source=\"#source=chitiet&amp;medium=tinlienquan2\" href=\"https://tintuconline.com.vn/show-truyen-hinh/khong-chi-co-nsnd-cong-ly-gap-nhau-cuoi-nam-2023-se-xuat-hien-them-mot-tao-dac-biet-n-546074.html\" title=\"Không chỉ có NSND Công Lý, Gặp nhau cuối năm 2023 sẽ xuất hiện thêm một Táo đặc biệt\" style=\"color: rgb(39, 43, 117); transition: all 0.3s ease 0s; position: relative; display: inline-block; line-height: 22px; padding-left: 10px; font-family: Arial; outline: none !important;\">Không chỉ có NSND Công Lý, Gặp nhau cuối năm 2023 sẽ xuất hiện thêm một Táo đặc biệt</a></li><li style=\"display: block; line-height: 24px;\"><a data-utm-source=\"#source=chitiet&amp;medium=tinlienquan3\" href=\"https://tintuconline.com.vn/show-truyen-hinh/nam-tao-xuan-bac-chinh-thuc-tro-lai-voi-tao-quan-2023-n-545850.html\" title=\"\'Nam Tào\' Xuân Bắc chính thức trở lại với Táo Quân 2023\" style=\"color: rgb(39, 43, 117); transition: all 0.3s ease 0s; position: relative; display: inline-block; line-height: 22px; padding-left: 10px; font-family: Arial; outline: none !important;\">\'Nam Tào\' Xuân Bắc chính thức trở lại với Táo Quân 2023</a></li></ul></div><div class=\"main-detail-content\" id=\"vmcContent\" style=\"overflow: hidden; color: rgb(68, 68, 68); font-family: Arial, sans-serif; font-size: 14px;\"><p style=\"line-height: 26px; font-family: Arial; font-size: 16px; text-align: justify;\">Tối 21/12, tờ&nbsp;<em style=\"line-height: 26px;\">Star News</em>&nbsp;đưa tin cảnh sát lên kế hoạch điều tra chương trình thực tế Marriage Hell do bác sĩ Oh Eun Young chủ trì. Sau khi tranh cãi về chương trình nổ ra, sở cảnh sát Jeonbuk Iksan nhận được nhiều khiếu nại liên quan đến vụ việc.</p><p style=\"line-height: 26px; font-family: Arial; font-size: 16px; text-align: justify;\">Trong tập phát sóng ngày 19/12 trên đài MBC của Marriage Hell, cảnh cha dượng thân mật với con gái 7 tuổi gây tranh cãi. Người cha liên tục ôm chặt và động chạm cơ thể con bất chấp việc cô bé nói không thích. Khi người vợ khuyên can, ông chồng vẫn tiếp tục thể hiện tình cảm với con.</p><p style=\"line-height: 26px; font-family: Arial; font-size: 16px; text-align: justify;\">Sau khi chương trình lên sóng, khán giả chỉ trích cha dượng và cho rằng người này có hành vi quấy rối tình dục. Ê-kíp sản xuất của chương trình cũng bị chỉ trích lạm dụng tình dục trẻ em. MBC đã xóa cảnh quay nói trên khi chương trình được phát sóng lại vào 20/12.</p><p style=\"line-height: 26px; font-family: Arial; font-size: 16px; text-align: center;\"><img alt=\"Cảnh sát Hàn Quốc điều tra show chiếu cảnh cha dượng đụng chạm con gái-1\" src=\"https://ttol.vietnamnetjsc.vn/images/2022/12/22/10/26/71aa16d43499ddc78488.jpg\" class=\"medium-zoom-image\" style=\"display: inline-block; line-height: 26px; max-width: 100%; height: 625px; cursor: zoom-in; width: 1000px; transition: transform 0.3s cubic-bezier(0.2, 0, 0.2, 1) 0s !important;\"></p><p style=\"line-height: 26px; font-family: Arial; font-size: 16px; text-align: center;\"><em style=\"line-height: 26px;\">Người cha liên tục có cử chỉ gây tranh cãi với con gái.</em></p><div class=\"vmcadszone\" id=\"vtzone63\" data=\"https://vads.net.vn/Ad?z=63&amp;w=3&amp;domain=http://tintuconline.com.vn/cat1086&amp;isvast=0\" style=\"line-height: 26px; font-family: Arial; font-size: 16px;\"></div><p style=\"line-height: 26px; font-family: Arial; font-size: 16px; text-align: justify;\">Tuy nhiên, nhiều khán giả vẫn gửi khiếu nại đến Ủy ban Tiêu chuẩn Phát sóng với mong muốn Marriage Hell bị dừng phát sóng.</p><p style=\"line-height: 26px; font-family: Arial; font-size: 16px; text-align: justify;\">Chiều 21/12, ê-kíp sản xuất Marriage Hell cũng đưa ra lời xin lỗi. Chương trình cho biết muốn phản ánh một cách chân thực cuộc sống của các gia đình và từ đó đưa ra giải pháp, sự trợ giúp thiết thực.</p><p style=\"line-height: 26px; font-family: Arial; font-size: 16px; text-align: justify;\">\"Đội ngũ sản xuất của chúng tôi và bác sĩ Oh Eun Young sẽ tiếp tục hỗ trợ các gia đình lẫn trẻ em để giải quyết các vấn đề ngay cả sau khi chương trình phát sóng. Với những trẻ em có thể gặp trở ngại về tâm lý, chúng tôi dự định tiến hành kiểm tra chuyên môn và trợ giúp điều trị với bác sĩ Oh Eun Young. Bác sĩ Oh Eun Young cũng kiên quyết chỉ trích hành vi của người chồng trong suốt đoạn ghi âm dài khoảng 5 tiếng. Do đó, đây chỉ là sơ suất của tổ sản xuất. Từ giờ trở đi, chúng tôi rút kinh nghiệm và phát sóng những hình ảnh tốt đẹp hơn\", ê-kíp cho biết.</p></div>', 'https://ttol.vietnamnetjsc.vn/images/2022/12/22/10/26/71aa16d43499ddc78488.jpg', '2023-06-03 15:28:51', b'1', 23, 1),
(15, 'Cuộc sống của &#039;Bạch Cốt Tinh&#039; trong &#039;Tây du ký 1986&#039; ở tuổi 79', 'Nữ diễn viên Dương Xuân Hà có cuộc sống nghỉ hưu an nhàn. Ở tuổi 79, tinh thần bà vẫn minh mẫn, nhanh nhẹn.', '<div class=\"sapo-detail\" style=\"color: rgb(51, 51, 51); font-size: 16px; font-weight: 600; line-height: 26px; font-family: Arial; margin-bottom: 15px; clear: both;\"><h2 style=\"font-family: arial; margin: 0px; color: rgb(51, 51, 51); font-weight: 600; font-size: 16px; line-height: 26px;\">Không chỉ hát đám cưới, diễn viên Thương Tín còn tham gia một số show diễn, thậm chí có lời mời bay show Thái Lan.</h2><h2 style=\"font-family: arial; margin: 0px; color: rgb(51, 51, 51); font-weight: 600; font-size: 16px; line-height: 26px;\"><div class=\"sapo-detail\" style=\"line-height: 26px; font-family: Arial; margin-bottom: 15px; clear: both;\"></div><div class=\"list-same-article\" style=\"margin-bottom: 12px;\"><ul style=\"margin-bottom: 0px; margin-left: 0px;\"><li style=\"display: block; line-height: 24px;\"><a data-utm-source=\"#source=chitiet&amp;medium=tinlienquan1\" href=\"https://tintuconline.com.vn/sao/nguyen-vong-cua-nghe-si-thuong-tin-n-544173.html\" title=\"Nguyện vọng của nghệ sĩ Thương Tín\" style=\"color: rgb(39, 43, 117); transition: all 0.3s ease 0s; font-size: 14px; font-weight: 400; position: relative; display: inline-block; line-height: 22px; padding-left: 10px; font-family: Arial; outline: none !important;\">Nguyện vọng của nghệ sĩ Thương Tín</a></li><li style=\"display: block; line-height: 24px;\"><a data-utm-source=\"#source=chitiet&amp;medium=tinlienquan2\" href=\"https://tintuconline.com.vn/sao/thuong-tin-lo-dien-sau-vu-nga-xe-may-giua-duong-n-543612.html\" title=\"Thương Tín lộ diện sau vụ ngã xe máy giữa đường\" style=\"color: rgb(39, 43, 117); transition: all 0.3s ease 0s; font-size: 14px; font-weight: 400; position: relative; display: inline-block; line-height: 22px; padding-left: 10px; font-family: Arial; outline: none !important;\">Thương Tín lộ diện sau vụ ngã xe máy giữa đường</a></li><li style=\"display: block; line-height: 24px;\"><a data-utm-source=\"#source=chitiet&amp;medium=tinlienquan3\" href=\"https://tintuconline.com.vn/giai-tri/su-that-buc-anh-nghe-si-thuong-tin-ngoi-that-than-duoi-chan-cau-vuot-n-543546.html\" title=\"Sự thật bức ảnh nghệ sĩ Thương Tín ngồi thất thần dưới chân cầu vượt\" style=\"color: rgb(39, 43, 117); transition: all 0.3s ease 0s; font-size: 14px; font-weight: 400; position: relative; display: inline-block; line-height: 22px; padding-left: 10px; font-family: Arial; outline: none !important;\">Sự thật bức ảnh nghệ sĩ Thương Tín ngồi thất thần dưới chân cầu vượt</a></li></ul></div><div class=\"main-detail-content\" id=\"vmcContent\" style=\"overflow: hidden;\"><p style=\"color: rgb(68, 68, 68); line-height: 26px; font-family: Arial; font-weight: 400; text-align: center;\"><img alt=\"Diễn viên Thương Tín hát thế nào khi nói không rõ?-1\" src=\"https://ttol.vietnamnetjsc.vn/images/2022/12/13/09/55/aeb209ab2fe6c6b89ff7.jpg\" class=\"medium-zoom-image\" style=\"display: inline-block; line-height: 26px; max-width: 100%; height: 385px; cursor: zoom-in; width: 684px; transition: transform 0.3s cubic-bezier(0.2, 0, 0.2, 1) 0s !important;\"></p><p style=\"color: rgb(68, 68, 68); line-height: 26px; font-family: Arial; font-weight: 400; text-align: center;\"><em style=\"line-height: 26px;\">Diễn viên Thương Tín được tặng hoa khi biểu diễn</em></p><p style=\"color: rgb(68, 68, 68); line-height: 26px; font-family: Arial; font-weight: 400; text-align: justify;\">Diễn viên&nbsp;<a href=\"https://tintuconline.com.vn/tags/thuong-tin-237583.vnn\" style=\"color: rgb(9, 78, 181); transition: all 0.3s ease 0s; line-height: 26px; outline: none !important;\">Thương Tín</a>&nbsp;cho biết ông rất vui khi được mời hát trong liveshow của ca sĩ nhí Vương Ngọc ở Đồng Nai mới đây.</p><p style=\"color: rgb(68, 68, 68); line-height: 26px; font-family: Arial; font-weight: 400; text-align: justify;\">Không chỉ hát đám cưới, diễn viên Thương Tín bắt đầu được mời biểu diễn ở một số chương trình. Thậm chí, ông còn vừa nhận được lời mời sang Thái Lan biểu diễn, phục vụ kiều bào.</p><p style=\"color: rgb(68, 68, 68); line-height: 26px; font-family: Arial; font-weight: 400; text-align: justify;\">\"Hiện tôi chưa có passport (hộ chiếu) nên đang gấp rút về quê làm. Hy vọng tôi có hộ chiếu kịp lúc để có thể đi hát ở Thái Lan. Nếu được đi lần này thì đây cũng là lần đầu tiên tôi được đi du lịch nước ngoài. Tôi thấy rất háo hức\" - diễn viên Thương Tín cho biết.</p><p style=\"color: rgb(68, 68, 68); line-height: 26px; font-family: Arial; font-weight: 400; text-align: center;\"><img alt=\"Diễn viên Thương Tín hát thế nào khi nói không rõ?-2\" src=\"https://ttol.vietnamnetjsc.vn/images/2022/12/13/09/55/731ed207f44a1d14445b.jpg\" class=\"medium-zoom-image\" style=\"display: inline-block; line-height: 26px; max-width: 100%; height: 351px; cursor: zoom-in; width: 625px; transition: transform 0.3s cubic-bezier(0.2, 0, 0.2, 1) 0s !important;\"></p><p style=\"color: rgb(68, 68, 68); line-height: 26px; font-family: Arial; font-weight: 400; text-align: center;\"><em style=\"line-height: 26px;\">Sức khỏe diễn viên Thương Tín có phần yếu nhưng ông thấy vui vì có thể tự lao động để mưu sinh</em></p><p style=\"color: rgb(68, 68, 68); line-height: 26px; font-family: Arial; font-weight: 400; text-align: justify;\">Vì tuổi cao lại bị rụng nhiều răng nên diễn viên Thương Tín gặp vấn đề về phát âm. Đôi lúc ông nói không rõ lời. Tuy nhiên, điều đáng ngạc nhiên là ông lại hát rất rõ.</p><div class=\"vmcadszone\" id=\"vtzone63\" data=\"https://vads.net.vn/Ad?z=63&amp;w=3&amp;domain=http://tintuconline.com.vn/cat1086&amp;isvast=0\" style=\"line-height: 26px; font-family: Arial; color: rgb(68, 68, 68); font-weight: 500;\"></div><p style=\"color: rgb(68, 68, 68); line-height: 26px; font-family: Arial; font-weight: 400; text-align: justify;\">Nói về thù lao biểu diễn, diễn viên Thương Tín cho biết ông được nhận cát-sê 5 triệu đồng/lần. Ông vui vì đã có thu nhập, trang trải chi phí sinh hoạt cá nhân và cả gởi tiền cho vợ chăm con.</p><p style=\"color: rgb(68, 68, 68); line-height: 26px; font-family: Arial; font-weight: 400; text-align: center;\"><iframe allow=\"autoplay; fullscreen\" allowfullscreen=\"\" frameborder=\"0\" height=\"315\" src=\"https://embed.vietnamnettv.vn/v/250218.html\" width=\"560\" style=\"line-height: 26px;\"></iframe></p><p style=\"color: rgb(68, 68, 68); line-height: 26px; font-family: Arial; font-weight: 400; text-align: center;\"><em style=\"line-height: 26px;\">Nghệ sĩ Thương Tín biểu diễn trên sân khấu</em></p><p style=\"color: rgb(68, 68, 68); line-height: 26px; font-family: Arial; font-weight: 400; text-align: justify;\">Hiện nay, vợ và con gái diễn viên Thương Tín sống ở quê. Làm được bao nhiêu tiền, ông gởi về để vợ giữ và lo cho con gái. Thỉnh thoảng, ông cũng thấy buồn vì gặp nhiều chuyện không như ý.</p><p style=\"color: rgb(68, 68, 68); line-height: 26px; font-family: Arial; font-weight: 400; text-align: justify;\">\"Nhiều khi nghèo nó hay xui... Nói là nói vậy nhưng tôi vui vì nhận được sự yêu thương của nhiều người. Như nhạc sĩ Tô Hiếu, cậu ấy giúp đỡ tôi rất nhiều, lo cho nơi ăn chốn ở, tuổi già cũng không còn nhiều điều phải lo. Nhận được tình cảm của nhiều người, tôi thấy mình may mắn\" - ông bày tỏ.</p></div></h2></div>', 'https://ttol.vietnamnetjsc.vn/images/2022/12/19/14/16/duy-manh.jpg', '2023-06-03 15:29:08', b'1', 23, 1),
(16, 'Em chồng Hà Tăng cực giỏi, 23 tuổi lên chức phó tổng giám đốc', 'Hiếu Nguyễn được bổ nhiệm chức phó tổng giám gốc phát triển kinh doanh trong tập đoàn của gia đình.', '<div class=\"sapo-detail\" style=\"color: rgb(51, 51, 51); font-size: 16px; font-weight: 600; line-height: 26px; font-family: Arial; margin-bottom: 15px; clear: both;\"><h2 style=\"font-family: arial; margin: 0px; color: rgb(51, 51, 51); font-weight: 600; font-size: 16px; line-height: 26px;\">Trái với sự háo hức ban đầu, phim ngày càng nhồi vào những tình tiết vô lý khó chấp nhận khiến người xem ngày càng mệt mỏi.</h2></div><div class=\"list-same-article\" style=\"margin-bottom: 12px; color: rgb(68, 68, 68); font-family: Arial, sans-serif; font-size: 14px;\"><ul style=\"margin-bottom: 0px; margin-left: 0px;\"><li style=\"display: block; line-height: 24px;\"><a data-utm-source=\"#source=chitiet&amp;medium=tinlienquan1\" href=\"https://tintuconline.com.vn/dien-anh/tinh-huong-kem-duyen-cua-phim-thong-gia-ngo-hep-n-541968.html\" title=\"Tình huống kém duyên của phim \'Thông gia ngõ hẹp\'\" style=\"color: rgb(39, 43, 117); transition: all 0.3s ease 0s; position: relative; display: inline-block; line-height: 22px; padding-left: 10px; font-family: Arial; outline: none !important;\">Tình huống kém duyên của phim \'Thông gia ngõ hẹp\'</a></li><li style=\"display: block; line-height: 24px;\"><a data-utm-source=\"#source=chitiet&amp;medium=tinlienquan2\" href=\"https://tintuconline.com.vn/dien-anh/dan-dien-vien-song-o-day-song-thay-doi-the-nao-sau-22-nam-n-541753.html\" title=\"Dàn diễn viên \'Sóng ở đáy sông\' thay đổi thế nào sau 22 năm?\" style=\"color: rgb(39, 43, 117); transition: all 0.3s ease 0s; position: relative; display: inline-block; line-height: 22px; padding-left: 10px; font-family: Arial; outline: none !important;\">Dàn diễn viên \'Sóng ở đáy sông\' thay đổi thế nào sau 22 năm?</a></li><li style=\"display: block; line-height: 24px;\"><a data-utm-source=\"#source=chitiet&amp;medium=tinlienquan3\" href=\"https://tintuconline.com.vn/dien-anh/doan-quoc-dam-ai-cung-muon-duoc-hon-hong-diem-mot-lan-n-541267.html\" title=\"Doãn Quốc Đam: \'Ai cũng muốn được hôn Hồng Diễm một lần\'\" style=\"color: rgb(39, 43, 117); transition: all 0.3s ease 0s; position: relative; display: inline-block; line-height: 22px; padding-left: 10px; font-family: Arial; outline: none !important;\">Doãn Quốc Đam: \'Ai cũng muốn được hôn Hồng Diễm một lần\'</a></li></ul></div><div class=\"main-detail-content\" id=\"vmcContent\" style=\"overflow: hidden; color: rgb(68, 68, 68); font-family: Arial, sans-serif; font-size: 14px;\"><p style=\"line-height: 26px; font-family: Arial; font-size: 16px; text-align: justify;\"><em style=\"line-height: 26px;\">* Bài viết thể hiện quan điểm riêng của tác giả</em></p><p style=\"line-height: 26px; font-family: Arial; font-size: 16px; text-align: justify;\"><img alt=\"Tôi quá mệt mỏi khi xem phim giờ vàng VTV Hành trình công lý-1\" src=\"https://ttol.vietnamnetjsc.vn/images/2022/11/17/15/41/e5f65fa473e99ab7c3f8.jpg\" class=\"medium-zoom-image\" style=\"display: inline-block; line-height: 26px; max-width: 100%; height: 400px; cursor: zoom-in; width: 600px; transition: transform 0.3s cubic-bezier(0.2, 0, 0.2, 1) 0s !important;\"></p><p style=\"line-height: 26px; font-family: Arial; font-size: 16px; text-align: center;\"><em style=\"line-height: 26px;\">Nhân vật chính Hoàng</em></p><p style=\"line-height: 26px; font-family: Arial; font-size: 16px; text-align: justify;\">Tôi cũng như nhiều khán giả vô cùng chờ đợi phim lên sóng bởi nó được làm lại từ tác phẩm nổi tiếng của Mỹ, từng được Hàn Quốc chuyển thể vô cùng thành công. Ban đầu nghe giới thiệu về&nbsp;<em style=\"line-height: 26px;\">Hành trình công lý&nbsp;</em>với nội dung hấp dẫn, lại có dàn diễn viên nổi tiếng như Việt Anh, Hồng Diễm, Thu Quỳnh, Doãn Quốc Đam và NSND Như Quỳnh, tôi đã hy vọng đây sẽ là bom tấn tiếp theo của màn ảnh. Tuy vậy xem được khoảng chục tập tôi thất vọng nặng nề bởi nội dung vô lý. Phim có dàn diễn viên đình đám, hình ảnh, bối cảnh đẹp là thế nhưng lại là bom xịt không hơn, càng lúc càng không thấy có điểm nào níu kéo mình ngồi trước màn ảnh.</p><p style=\"line-height: 26px; font-family: Arial; font-size: 16px; text-align: justify;\">Tôi vừa xem trích đoạn tập mới thấy cô trợ lý luật sư mắng Huyền như tát nước ở bệnh viện đại ý rằng bị rạn xương chứ có bị rạn não đâu mà phát biểu như thế. Đến đây tôi thất vọng về bộ phim. Chẳng làm trong ngành luật mà tôi cũng thấy vô lý, chẳng luật sư nào lại ăn nói kiểu đó với nhân chứng hết cả. Tuy vậy nhân vật khiến tôi ức chế hơn cả lại là Phương.</p><p style=\"line-height: 26px; font-family: Arial; font-size: 16px; text-align: center;\"><img alt=\"Tôi quá mệt mỏi khi xem phim giờ vàng VTV Hành trình công lý-2\" src=\"https://ttol.vietnamnetjsc.vn/images/2022/11/17/15/41/0539be6b92267b782237.jpg\" class=\"medium-zoom-image\" style=\"display: inline-block; line-height: 26px; max-width: 100%; height: 443px; cursor: zoom-in; width: 625px; transition: transform 0.3s cubic-bezier(0.2, 0, 0.2, 1) 0s !important;\"></p><p style=\"line-height: 26px; font-family: Arial; font-size: 16px; text-align: center;\"><em style=\"line-height: 26px;\">Nhân vật Phương trong phim</em></p><p style=\"line-height: 26px; font-family: Arial; font-size: 16px; text-align: justify;\">Rõ ràng Phương được giới thiệu từng là luật sư giỏi, tốt nghiệp loại ưu của trường nhưng các quyết định của cô tôi thấy đúng là chỉ có trên phim chứ không thực tế. Đầu tiên là vụ hai anh em ruột tranh nhau ngôi nhà mẹ để lại, rõ ràng Phương được người anh thuê để bảo vệ quyền lợi nhưng cô lại tìm mọi cách để bảo vệ cho người em, tìm ra nhân chứng vô cùng bất lợi cho thân chủ của mình. Phải chăng đạo diễn hay biên kịch muốn xây dựng nhân vật Phương là một thiên thần đến mức sẵn sàng chống lại thân chủ của mình để bảo vệ lẽ phải?</p><div class=\"vmcadszone\" id=\"vtzone63\" data=\"https://vads.net.vn/Ad?z=63&amp;w=3&amp;domain=http://tintuconline.com.vn/cat1086&amp;isvast=0\" style=\"line-height: 26px; font-family: Arial; font-size: 16px;\"></div><p style=\"line-height: 26px; font-family: Arial; font-size: 16px; text-align: justify;\">Chưa hết, gần đây Phương còn mời cả cô gái làm nghề mát xa liên quan đến cái chết của nhân tình của chồng về nhà để bảo vệ chỉ vì lo cho tính mạng của nhân chứng. Phương coi cô gái này hay bất cứ thân chủ nào của mình là người nhà, sẵn sàng mở rộng vòng tay ra che chở, bảo vệ bất chấp một cách mù quáng. Trong khi đó, với Hoàng, người chồng bỗng chốc sa cơ lại bị cô quay lưng, không chút mảy may rủ lòng thương. Tôi thấy thực tế nhất có lẽ là nhân vật Hùng - chồng của Nguyệt. Khi vợ một mực bảo vệ bạn, Hùng đã lập tức thấy ngay vấn đề, cho rằng nếu Phương dư thừa lòng tốt như Nguyệt nói thì phải bao dung với Hoàng vì bọn trẻ.</p><p style=\"line-height: 26px; font-family: Arial; font-size: 16px; text-align: justify;\"><img alt=\"Tôi quá mệt mỏi khi xem phim giờ vàng VTV Hành trình công lý-3\" src=\"https://ttol.vietnamnetjsc.vn/images/2022/11/17/15/41/2d9f9bcdb7805ede0791.jpg\" class=\"medium-zoom-image\" style=\"display: inline-block; line-height: 26px; max-width: 100%; height: 383px; cursor: zoom-in; width: 625px; transition: transform 0.3s cubic-bezier(0.2, 0, 0.2, 1) 0s !important;\"></p><p style=\"line-height: 26px; font-family: Arial; font-size: 16px; text-align: center;\"><em style=\"line-height: 26px;\">Con trai Hoàng bị chỉ trích vì cư xử hỗn hào với bố.</em></p><p style=\"line-height: 26px; font-family: Arial; font-size: 16px; text-align: justify;\">Tôi thấy tính cách này của Phương không giống như hầu hết phụ nữ Việt. Với một người chồng bao năm đầu ấp tay gối mà mình yêu thương tin tưởng, cho dù anh ta có phạm sai lầm lớn như Hoàng, thì cũng thường là vì tình yêu quá lớn và vì con, mà hầu hết sẽ bao dung mà tha thứ, dang tay ra giúp đỡ khi chồng hoạn nạn. Nhưng Phương thì không như thế. Cô chọn cách cùng các con dọn ra ngoài ở, bất chấp mọi sự níu kéo giải thích của Hoàng và quay lưng với chồng như thể họ đã có nhiều năm ly thân và không còn chút tình cảm nào. Không biết tôi có cổ lỗ quá không khi nghĩ như vậy hay vì phim làm theo kịch bản của Mỹ nên nhân vật phải như thế.</p><p style=\"line-height: 26px; font-family: Arial; font-size: 16px; text-align: justify;\">Tôi vẫn thấy&nbsp;<em style=\"line-height: 26px;\">Hành trình công lý&nbsp;</em>là một bộ phim chỉn chu về mặt hình ảnh, diễn viên diễn xuất tốt, đặc biệt là NSND Như Quỳnh và Việt Anh. Tuy nhiên điểm yếu của phim là xây dựng các nhân vật và tình huống, thoại xa rời thực tế, khó thuyết phục được người xem. Tôi có cảm giác như phim quá ưu ái Phương, muốn thần thánh hóa nhân vật này ở mọi hoàn cảnh trong khi bỏ quên những yếu tố khác. Tôi hy vọng những tập tới phim sẽ lấy lại được cảm tình của người xem nhờ những tình tiết hấp dẫn và đời hơn thay vì cứ như trên mây thế này.</p></div>', 'https://2sao.vietnamnetjsc.vn/images/2022/12/22/15/24/hieu-nguyen-2.jpg', '2023-06-03 15:30:16', b'1', 23, 1),
(17, 'Thêm 1 người chết trong vụ ô tô tông loạt xe máy ở Quảng Ninh', 'Vụ tai nạn khiến 2 người tử vong, 3 người bị thương trong đó có 1 người tiên lượng xấu đang được cứu chữa tại Bệnh viện Việt Nam - Thuỵ Điển, Uông Bí, Quảng Ninh.', '<div class=\"sapo-detail\" style=\"color: rgb(51, 51, 51); font-size: 16px; font-weight: 600; line-height: 26px; font-family: Arial; margin-bottom: 15px; clear: both;\"><h2 style=\"font-family: arial; margin: 0px; color: rgb(51, 51, 51); font-weight: 600; font-size: 16px; line-height: 26px;\">Khi giúp người phụ nữ bị tai nạn đang nằm trên vỉa hè, người này đã nhờ quay clip lại để tránh bị \"vạ lây\", hóa ra là thiếu tá CSGT.</h2></div><div class=\"list-same-article\" style=\"margin-bottom: 12px; color: rgb(68, 68, 68); font-family: Arial, sans-serif; font-size: 14px;\"><ul style=\"margin-bottom: 0px; margin-left: 0px;\"><li style=\"display: block; line-height: 24px;\"><a data-utm-source=\"#source=chitiet&amp;medium=tinlienquan1\" href=\"https://tintuconline.com.vn/thoi-su/gan-1500-van-dong-vien-tranh-tai-tai-chung-ket-giai-chay-bao-ha-noi-moi-lan-thu-47-vi-hoa-binh-n-537256.html\" title=\"Gần 1.500 vận động viên tranh tài tại Chung kết Giải chạy Báo Hà Nội mới lần thứ 47 - Vì hòa bình\" style=\"color: rgb(39, 43, 117); transition: all 0.3s ease 0s; position: relative; display: inline-block; line-height: 22px; padding-left: 10px; font-family: Arial; outline: none !important;\">Gần 1.500 vận động viên tranh tài tại Chung kết Giải chạy Báo Hà Nội mới lần thứ 47 - Vì hòa bình</a></li><li style=\"display: block; line-height: 24px;\"><a data-utm-source=\"#source=chitiet&amp;medium=tinlienquan2\" href=\"https://tintuconline.com.vn/thoi-su/bat-doi-tuong-manh-dong-dung-dao-chem-cong-an-n-537246.html\" title=\"Bắt đối tượng manh động dùng dao chém công an\" style=\"color: rgb(39, 43, 117); transition: all 0.3s ease 0s; position: relative; display: inline-block; line-height: 22px; padding-left: 10px; font-family: Arial; outline: none !important;\">Bắt đối tượng manh động dùng dao chém công an</a></li><li style=\"display: block; line-height: 24px;\"><a data-utm-source=\"#source=chitiet&amp;medium=tinlienquan3\" href=\"https://tintuconline.com.vn/mang-xa-hoi/xac-minh-clip-chong-danh-vo-dang-mang-bau-o-quang-ninh-n-537231.html\" title=\"Xác minh clip chồng đánh vợ đang mang bầu ở Quảng Ninh\" style=\"color: rgb(39, 43, 117); transition: all 0.3s ease 0s; position: relative; display: inline-block; line-height: 22px; padding-left: 10px; font-family: Arial; outline: none !important;\">Xác minh clip chồng đánh vợ đang mang bầu ở Quảng Ninh</a></li></ul></div><div class=\"main-detail-content\" id=\"vmcContent\" style=\"overflow: hidden; color: rgb(68, 68, 68); font-family: Arial, sans-serif; font-size: 14px;\"><p style=\"line-height: 26px; font-family: Arial; font-size: 16px; text-align: justify;\">Chiều tối 2/10, mạng xã hội lan truyền đoạn video ghi lại hình ảnh một nam thanh niên đã giúp đỡ người phụ nữ bị tai nạn nằm ven đường lên xe ô tô cá nhân, chở đến bệnh viện cấp cứu.</p><p style=\"line-height: 26px; font-family: Arial; font-size: 16px; text-align: justify;\">Tuy nhiên trước khi đi, anh cũng nhờ người đi đường quay lại đoạn video để làm bằng chứng tránh việc bị \"vạ lây\" khi người nhà lại nghĩ nhầm mình là người gây tai nạn.</p><p style=\"line-height: 26px; font-family: Arial; font-size: 16px; text-align: center;\"><iframe allowfullscreen=\"\" frameborder=\"0\" height=\"315\" src=\"https://embed.vietnamnettv.vn/v/249046.html\" width=\"560\" style=\"line-height: 26px;\"></iframe></p><p style=\"line-height: 26px; font-family: Arial; font-size: 16px; text-align: justify;\">Theo clip, anh này vừa cứu nạn nhân vừa nói: “Mọi người làm chứng cho em nhé! Em chỉ chở người vào cấp cứu thôi, không lại bảo em là người gây tai nạn”.</p><p style=\"line-height: 26px; font-family: Arial; font-size: 16px; text-align: justify;\">Hành động giúp người bị nạn của nam tài xế đã nhận được sự khen ngợi của dân mạng. Đặc biệt, hành động quay clip làm chứng được dân mạng đánh giá là thông minh khi vừa giúp được người bị nạn mà không lo gặp rắc rối.</p><p style=\"line-height: 26px; font-family: Arial; font-size: 16px; text-align: justify;\">Theo Vietnamnet, sự việc diễn ra vào sáng cùng ngày tại vị trí gần ngã tư Nguyễn Xiển - Nguyễn Trãi (quận Thanh Xuân, Hà Nội).</p><p style=\"line-height: 26px; font-family: Arial; font-size: 16px; text-align: justify;\">Nạn nhân là một phụ nữ nằm trên vỉa hè, máu chảy nhiều do tai nạn nhưng chưa có xe cấp cứu đến. Qua xác minh, người này tên Ph. (SN 1972, trú tại Khu đô thị Đại Thanh, Tả Thanh Oai, Thanh Trì, Hà Nội).</p><div class=\"vmcadszone\" id=\"vtzone63\" data=\"https://vads.net.vn/Ad?z=63&amp;w=3&amp;domain=http://tintuconline.com.vn/cat1003&amp;isvast=0\" style=\"line-height: 26px; font-family: Arial; font-size: 16px;\"></div><p style=\"line-height: 26px; font-family: Arial; font-size: 16px; text-align: justify;\">Lúc này, một nam thanh niên điều khiển xe ô tô đi qua phát hiện liền dừng lại, tiến tới hỏi thăm và cùng người dân sử dụng ô tô của mình để đưa nạn nhân đi cấp cứu kịp thời tại bệnh viện.</p><p style=\"line-height: 26px; font-family: Arial; font-size: 16px; text-align: center;\"><img src=\"https://ttol.vietnamnetjsc.vn/images/2022/10/03/08/19/tai-nan.png\" alt=\"Bất ngờ danh tính tài xế nhờ quay clip khi giúp người bị tai nạn-1\" class=\"medium-zoom-image\" style=\"display: inline-block; line-height: 26px; max-width: 100%; cursor: zoom-in; margin: 5px; width: 650px; height: auto !important; transition: transform 0.3s cubic-bezier(0.2, 0, 0.2, 1) 0s !important;\"><br style=\"line-height: 26px;\"><em style=\"line-height: 26px;\">Nam tài xế dặn dò cẩn thận trước khi đưa nạn nhân lên xe</em><br style=\"line-height: 26px;\"><img src=\"https://ttol.vietnamnetjsc.vn/images/2022/10/03/08/19/tai-nan1.png\" alt=\"Bất ngờ danh tính tài xế nhờ quay clip khi giúp người bị tai nạn-2\" class=\"medium-zoom-image\" style=\"display: inline-block; line-height: 26px; max-width: 100%; cursor: zoom-in; margin: 5px; width: 650px; height: auto !important; transition: transform 0.3s cubic-bezier(0.2, 0, 0.2, 1) 0s !important;\"><br style=\"line-height: 26px;\"><em style=\"line-height: 26px;\">Người phụ nữ nằm bất động trên vỉa hè sau tai nạn</em></p><p style=\"line-height: 26px; font-family: Arial; font-size: 16px; text-align: justify;\">Qua tìm hiểu, Công an Nhân dân cho biết, nam tài xế với hành động đẹp trên chính là thiếu tá Nguyễn Ninh Dương - Đội CSGT số 6 (Phòng CSGT Hà Nội) đang trên đường tới cơ quan làm việc.</p><p style=\"line-height: 26px; font-family: Arial; font-size: 16px; text-align: justify;\">Nhờ hành động kịp thời của vị cán bộ này, sức khỏe của người phụ nữ đã ổn định và người nhà đã vào tiếp nhận, chăm sóc chị tại bệnh viện.</p></div>', 'https://ttol.vietnamnetjsc.vn/images/2022/12/23/14/03/321255584-540057838003253-4680031777653903242-n-502.jpeg', '2023-06-03 15:33:07', b'1', 30, 1),
(18, 'Xem xét xử lý hình sự người phụ nữ lăng mạ cảnh sát giao thông', 'Cơ quan Cảnh sát điều tra đang xem xét xử lý người phụ nữ lăng mạ cảnh sát giao thông về hành vi chống người thi hành công vụ', '<div class=\"sapo-detail\" style=\"color: rgb(51, 51, 51); font-size: 16px; font-weight: 600; line-height: 26px; font-family: Arial; margin-bottom: 15px; clear: both;\"><h2 style=\"font-family: arial; margin: 0px; color: rgb(51, 51, 51); font-weight: 600; font-size: 16px; line-height: 26px;\">Qua kiểm đếm ban đầu, Công an quận 8 (TP HCM) cho biết có gần 20.000 sản phẩm thuốc giả. Trong khi đó, số thuốc chưa kiểm đếm còn rất lớn.</h2></div><div class=\"list-same-article\" style=\"margin-bottom: 12px; color: rgb(68, 68, 68); font-family: Arial, sans-serif; font-size: 14px;\"><ul style=\"margin-bottom: 0px; margin-left: 0px;\"><li style=\"display: block; line-height: 24px;\"><a data-utm-source=\"#source=chitiet&amp;medium=tinlienquan1\" href=\"https://tintuconline.com.vn/suc-khoe/indonesia-nho-cac-nuoc-ho-tro-thuoc-giai-doc-cho-tre-bi-suy-than-cap-n-539945.html\" title=\"Indonesia nhờ các nước hỗ trợ thuốc giải độc cho trẻ bị suy thận cấp\" style=\"color: rgb(39, 43, 117); transition: all 0.3s ease 0s; position: relative; display: inline-block; line-height: 22px; padding-left: 10px; font-family: Arial; outline: none !important;\">Indonesia nhờ các nước hỗ trợ thuốc giải độc cho trẻ bị suy thận cấp</a></li><li style=\"display: block; line-height: 24px;\"><a data-utm-source=\"#source=chitiet&amp;medium=tinlienquan2\" href=\"https://tintuconline.com.vn/thoi-su/bien-tho-sua-do-dien-thanh-bac-si-dau-nganh-de-ban-thuoc-gia-n-538140.html\" title=\"Biến thợ sửa đồ điện thành... bác sĩ đầu ngành để bán thuốc giả\" style=\"color: rgb(39, 43, 117); transition: all 0.3s ease 0s; position: relative; display: inline-block; line-height: 22px; padding-left: 10px; font-family: Arial; outline: none !important;\">Biến thợ sửa đồ điện thành... bác sĩ đầu ngành để bán thuốc giả</a></li><li style=\"display: block; line-height: 24px;\"><a data-utm-source=\"#source=chitiet&amp;medium=tinlienquan3\" href=\"https://tintuconline.com.vn/doi-song/khoa-pug-do-chieu-cao-ben-troi-tay-chat-vat-cai-nghien-thuoc-giam-dau-n-533881.html\" title=\"Khoa Pug đọ chiều cao bên trời Tây, chật vật \'cai nghiện\' thuốc giảm đau\" style=\"color: rgb(39, 43, 117); transition: all 0.3s ease 0s; position: relative; display: inline-block; line-height: 22px; padding-left: 10px; font-family: Arial; outline: none !important;\">Khoa Pug đọ chiều cao bên trời Tây, chật vật \'cai nghiện\' thuốc giảm đau</a></li></ul></div><div class=\"main-detail-content\" id=\"vmcContent\" style=\"overflow: hidden; color: rgb(68, 68, 68); font-family: Arial, sans-serif; font-size: 14px;\"><p style=\"line-height: 26px; font-family: Arial; font-size: 16px; text-align: justify;\">Ngày 17-12, tin từ Công an quận 8 cho biết vừa triệt phá đường dây sản xuất thuốc chữa bệnh giả quy mô lớn xảy ra trên địa bàn.</p><p style=\"line-height: 26px; font-family: Arial; font-size: 16px; text-align: center;\"><img src=\"https://ttol.vietnamnetjsc.vn/images/2022/12/18/06/42/thuoc-gia.jpg\" alt=\"Phá đường dây sản xuất thuốc giả số lượng lớn ở TP.HCM-1\" class=\"medium-zoom-image\" style=\"display: inline-block; line-height: 26px; max-width: 100%; cursor: zoom-in; margin: 5px; width: 650px; height: auto !important; transition: transform 0.3s cubic-bezier(0.2, 0, 0.2, 1) 0s !important;\"><em style=\"line-height: 26px;\">Công an thu giữ thuốc giả số lượng lớn</em></p><p style=\"line-height: 26px; font-family: Arial; font-size: 16px; text-align: justify;\">Theo Đại tá Lê Văn Bích, Trưởng Công an quận 8, thực hiện cao điểm tấn công trấn áp tội phạm theo chỉ đạo của lãnh đạo Bộ Công an, Công an TP HCM và Công an quận 8 đã phát hiện một nhóm người tổ chức sản xuất thuốc chữa bệnh giả.</p><p style=\"line-height: 26px; font-family: Arial; font-size: 16px; text-align: justify;\">Theo đó, trưa 13-12, Đội Cảnh sát điều tra tội phạm về kinh tế và chức vụ - Công an quận 8 ập vào một bãi xe trên đường Cao Lỗ (thuộc phường 4, quận 8) và bắt quả tang 4 người đang sản xuất&nbsp;<a href=\"https://tintuconline.com.vn/tags/thuoc-gia-234733.vnn\" style=\"color: rgb(9, 78, 181); transition: all 0.3s ease 0s; line-height: 26px; outline: none !important;\">thuốc giả</a>.</p><p style=\"line-height: 26px; font-family: Arial; font-size: 16px; text-align: justify;\">Lực lượng chức năng đã khám xét và thu giữ hơn 8.500 hộp thuốc được làm giả mang nhãn hiệu Terpin - Codein, Decotyl, Asmascort, Glotal (các loại thuốc kháng sinh, trị ho, hẹn suyễn, giảm đau).</p><p style=\"line-height: 26px; font-family: Arial; font-size: 16px; text-align: justify;\">Danh tính của nghi phạm được xác định là Nguyễn Xuân Cường (46 tuổi), Ao Vạn Hạnh (25 tuổi), Trương Phong Hào (24 tuổi), Trương Thùy Trinh (49 tuổi). Cả 4 đối tượng này cùng ngụ quận 8.</p><div class=\"vmcadszone\" id=\"vtzone63\" data=\"https://vads.net.vn/Ad?z=63&amp;w=3&amp;domain=http://tintuconline.com.vn/cat1003&amp;isvast=0\" style=\"line-height: 26px; font-family: Arial; font-size: 16px;\"></div><p style=\"line-height: 26px; font-family: Arial; font-size: 16px; text-align: justify;\">Qua đấu tranh, Công an quận 8 tiếp tục bắt giữ Huỳnh Nhật Khoa (24 tuổi), Phạm Quốc Quyền (43 tuổi, cùng ngụ quận 10) về hành vi mua bán hàng giả. Tại nơi ở của 2 nghi phạm này, công an cũng thu giữ gần 10.000 hộp thuốc giả các loại.</p><p style=\"line-height: 26px; font-family: Arial; font-size: 16px; text-align: justify;\">Mở rộng vụ việc, khi khám xét một xưởng sản xuất thuốc giả tại TP Biên Hòa, tỉnh Đồng Nai, công an bắt giữ nghi phạm Đặng Văn Hóa (40 tuổi, ngụ Đồng Nai), thu nhiều loại tân dược giả.</p><p style=\"line-height: 26px; font-family: Arial; font-size: 16px; text-align: justify;\">Sau vụ việc, Công an quận 8 đã kiểm đếm được gần 20.000 sản phẩm thuốc giả, trong khi số thuốc chưa kiểm đếm còn rất lớn. Tổng giá trị số thuốc giả trên đang được cơ quan chức năng thẩm định.</p></div>', 'https://ttol.vietnamnetjsc.vn/images/2022/12/23/11/42/lang-ma.jpg', '2023-06-03 15:33:07', b'1', 30, 1);
INSERT INTO `tbl_post` (`postID`, `Title`, `Abstract`, `Contents`, `Images`, `CreatedDate`, `IsActive`, `catID`, `adminID`) VALUES
(19, '24 giờ truy xét kẻ cướp vòng vàng của bé trai 4 tuổi gây xôn xao dư luận', 'Ngay sau khi tiếp nhận trình báo từ gia đình cháu Võ Khưu Hoàng Đăng K. (4 tuổi, ngụ Q.Tân Phú) bị một kẻ gian cướp vàng trên người, CAQ.Tân Phú đã khẩn trương truy bắt, đưa đối tượng ra chịu tội trước pháp luật...', '<div class=\"sapo-detail\" style=\"color: rgb(51, 51, 51); font-size: 16px; font-weight: 600; line-height: 26px; font-family: Arial; margin-bottom: 15px; clear: both;\"><h2 style=\"font-family: arial; margin: 0px; color: rgb(51, 51, 51); font-weight: 600; font-size: 16px; line-height: 26px;\">Với số tiền cho vay ban đầu 25 triệu đồng, 18 tháng sau, Đức Anh và đồng bọn phạt con nợ 900 triệu đồng vì chậm nộp tiền.</h2></div><div class=\"list-same-article\" style=\"margin-bottom: 12px; color: rgb(68, 68, 68); font-family: Arial, sans-serif; font-size: 14px;\"><ul style=\"margin-bottom: 0px; margin-left: 0px;\"><li style=\"display: block; line-height: 24px;\"><a data-utm-source=\"#source=chitiet&amp;medium=tinlienquan1\" href=\"https://tintuconline.com.vn/thoi-su/du-bao-thoi-tiet-2312-bac-bo-ngay-nang-hanh-dem-gia-lanh-n-546420.html\" title=\"Dự báo thời tiết 23/12: Bắc Bộ ngày nắng hanh, đêm giá lạnh\" style=\"color: rgb(39, 43, 117); transition: all 0.3s ease 0s; position: relative; display: inline-block; line-height: 22px; padding-left: 10px; font-family: Arial; outline: none !important;\">Dự báo thời tiết 23/12: Bắc Bộ ngày nắng hanh, đêm giá lạnh</a></li><li style=\"display: block; line-height: 24px;\"><a data-utm-source=\"#source=chitiet&amp;medium=tinlienquan2\" href=\"https://tintuconline.com.vn/thoi-su/pha-tuong-giai-cuu-ten-trom-bi-mac-ket-trong-loi-thoat-hoi-o-binh-duong-n-546408.html\" title=\"Phá tường giải cứu tên trộm bị mắc kẹt trong lối thoát hơi ở Bình Dương\" style=\"color: rgb(39, 43, 117); transition: all 0.3s ease 0s; position: relative; display: inline-block; line-height: 22px; padding-left: 10px; font-family: Arial; outline: none !important;\">Phá tường giải cứu tên trộm bị mắc kẹt trong lối thoát hơi ở Bình Dương</a></li><li style=\"display: block; line-height: 24px;\"><a data-utm-source=\"#source=chitiet&amp;medium=tinlienquan3\" href=\"https://tintuconline.com.vn/phap-luat/xet-xu-vu-an-cong-ty-alibaba-nguyen-thai-luyen-nhan-toi-khong-xin-giam-an-n-546402.html\" title=\"Xét xử vụ án Công ty Alibaba: Nguyễn Thái Luyện nhận tội, không xin giảm án\" style=\"color: rgb(39, 43, 117); transition: all 0.3s ease 0s; position: relative; display: inline-block; line-height: 22px; padding-left: 10px; font-family: Arial; outline: none !important;\">Xét xử vụ án Công ty Alibaba: Nguyễn Thái Luyện nhận tội, không xin giảm án</a></li></ul></div><div class=\"main-detail-content\" id=\"vmcContent\" style=\"overflow: hidden; color: rgb(68, 68, 68); font-family: Arial, sans-serif; font-size: 14px;\"><p style=\"line-height: 26px; font-family: Arial; font-size: 16px; text-align: justify;\">Sáng 23/12, Phòng Cảnh sát Hình sự Công an TP Hải Phòng cho biết đơn vị vừa tạm giữ hình sự Quách Đức Anh (SN 1996, ở quận Lê Chân) và Đinh Văn Linh (SN 2002, quê tỉnh Quảng Ninh) để điều tra về hành vi Cho vay nặng lãi trong giao dịch dân sự.</p><p style=\"line-height: 26px; font-family: Arial; font-size: 16px; text-align: justify;\">Theo điều tra ban đầu, tháng 6/2021, do cần tiền gấp nên chị V.T.D. (SN 1993, ở phường Máy Tơ, quận Ngô Quyền) vay của nhóm Đức Anh 25 triệu đồng, trả góp trong 28 ngày, mỗi ngày một triệu đồng.</p><p style=\"line-height: 26px; font-family: Arial; font-size: 16px; text-align: justify;\">Trước khi cho vay tiền, Đức Anh yêu cầu chị D. viết giấy vay nợ, chụp ảnh căn cước, sổ hộ khẩu và chỉ dẫn nhà đang ở.</p><p style=\"line-height: 26px; font-family: Arial; font-size: 16px; text-align: justify;\">Vài ngày sau đó, Đức Anh yêu cầu chị V.T.D. phải đóng đủ tiền, nếu trả sau 17h hàng ngày sẽ bị phạt 50% tiền còn thiếu. Nếu nộp tiền sau 21h30 mỗi ngày thì bị phạt bằng cả số tiền thiếu. Còn chậm đến ngày hôm sau, thì phải nộp gấp 2 lần số tiền thiếu hôm trước. Nếu chậm 2 ngày trở lên thì bị phạt phải đóng tiền lại từ đầu.</p><p style=\"line-height: 26px; font-family: Arial; font-size: 16px; text-align: center;\"><img src=\"https://ttol.vietnamnetjsc.vn/images/2022/12/23/09/57/vay.jpg\" alt=\"Vay 25 triệu, người phụ nữ phải trả 900 triệu đồng-1\" class=\"medium-zoom-image\" style=\"display: inline-block; line-height: 26px; max-width: 100%; cursor: zoom-in; margin: 5px; width: 650px; height: auto !important; transition: transform 0.3s cubic-bezier(0.2, 0, 0.2, 1) 0s !important;\"><br style=\"line-height: 26px;\"><em style=\"line-height: 26px;\">Hai người cho vay nặng lãi.</em></p><div class=\"vmcadszone\" id=\"vtzone63\" data=\"https://vads.net.vn/Ad?z=63&amp;w=3&amp;domain=http://tintuconline.com.vn/cat1003&amp;isvast=0\" style=\"line-height: 26px; font-family: Arial; font-size: 16px;\"></div><p style=\"line-height: 26px; font-family: Arial; font-size: 16px; text-align: justify;\">Sau 18 tháng (từ 6/2021-12/2022), với số tiền vay ban đầu là 25 triệu đồng, Đức Anh và Linh tính tổng nợ gốc, tiền phạt và tiền lãi đối với chị V.T.D. là gần 900 triệu đồng. Người phụ nữ này đã trả cho các nghi phạm gần 600 triệu đồng, còn thiếu 320 triệu đồng rồi bị các nghi phạm bắt nợ. Bị dồn vào đường cùng, chị V.T.D. đã làm đơn tố giác gửi tới cơ quan công an.</p><p style=\"line-height: 26px; font-family: Arial; font-size: 16px; text-align: justify;\">Tại cơ quan điều tra, nhóm này khai còn cho nhiều người khác vay tiền với lãi suất “cắt cổ” dưới 2 hình thức “họ góp” với mức lãi suất 156-608%/năm và “lãi nằm” với mức lãi suất 365%/năm.</p><p style=\"line-height: 26px; font-family: Arial; font-size: 16px; text-align: justify;\">Phòng Cảnh sát Hình sự Công an TP Hải Phòng thông tin Quách Đức Anh từng có 2 tiền án về tội Bắt giữ người trái pháp luật và Cho vay nặng lãi trong giao dịch dân sự. Người này vừa ra tù đã kết hợp với Đinh Văn Linh tiếp tục hoạt động “tín dụng đen”.</p></div>', 'https://ttol.vietnamnetjsc.vn/images/2022/12/20/08/01/trom-cuop-1.png', '2023-06-03 15:33:07', b'1', 30, 1),
(20, 'Yêu cầu gỡ phim &#039;Ba chị em&#039; khỏi Netflix Việt Nam vì xuyên tạc lịch sử', 'Cục Phát thanh, Truyền hình và Thông tin điện tử yêu cầu Netflix gỡ bỏ phim Hàn Quốc &#039;Ba chị em&#039; (Litte Women) khỏi kho ứng dụng tại Việt Nam. Hạn thực hiện yêu cầu này là ngày hôm nay 5/10.', '<h1 style=\"font-family: Montserrat, sans-serif; margin-top: 0px; margin-bottom: 20px; color: rgb(203, 0, 48); font-weight: 600; line-height: 30px; font-size: 26px;\"><a style=\"color: rgb(39, 43, 117); transition: all 0.3s ease 0s; outline: none !important;\">Điều bất ngờ sau 1 tuần ngâm chân bằng ngải cứu trước khi ngủ</a></h1><div class=\"detail-line-top\" style=\"margin-bottom: 18px; width: auto; float: none; color: rgb(68, 68, 68); font-family: Arial, sans-serif; font-size: 14px;\"><div class=\"detail-article-date\" style=\"float: left; font-family: Montserrat, sans-serif; font-size: 12px; color: rgb(134, 134, 134); padding-top: 2px; display: flex;\">Thứ tư, 21/12/2022 07:33</div><div class=\"detail-cmt-top\" style=\"float: right; padding-left: 6px;\"><a href=\"https://tintuconline.com.vn/suc-khoe/dieu-bat-ngo-sau-1-tuan-ngam-chan-bang-ngai-cuu-truoc-khi-ngu-n-546188.html#article-comment\" style=\"color: rgb(69, 69, 69); transition: all 0.3s ease 0s; outline: none !important;\"><span class=\"txt-cmt-top\" style=\"transition: all 0.3s ease 0s; display: inline-block; background: linear-gradient(0deg, rgb(14, 118, 188) 0%, rgb(69, 74, 175) 100%); padding: 3px 5px; color: rgb(255, 255, 255); font-family: Montserrat, sans-serif; font-size: 11px; font-weight: 600; margin-right: 1px; border-radius: 3px 0px 0px 3px;\">Bình luận</span></a></div><div class=\"detail-share-top\" style=\"float: right; margin-top: 0px;\"><div class=\"fb-like fb_iframe_widget\" data-href=\"https://tintuconline.com.vn/suc-khoe/dieu-bat-ngo-sau-1-tuan-ngam-chan-bang-ngai-cuu-truoc-khi-ngu-n-546188.html\" data-layout=\"button_count\" data-action=\"like\" data-show-faces=\"true\" data-share=\"false\" fb-xfbml-state=\"rendered\" fb-iframe-plugin-query=\"action=like&amp;app_id=2924600524255256&amp;container_width=134&amp;href=https%3A%2F%2Ftintuconline.com.vn%2Fsuc-khoe%2Fdieu-bat-ngo-sau-1-tuan-ngam-chan-bang-ngai-cuu-truoc-khi-ngu-n-546188.html&amp;layout=button_count&amp;locale=vi_VN&amp;sdk=joey&amp;share=false&amp;show_faces=true\" style=\"float: left; display: inline-block; position: relative;\"><span style=\"display: inline-block; position: relative; text-align: justify; vertical-align: bottom; width: 90px; height: 28px;\"><iframe name=\"f2fc391a1efc4f8\" width=\"1000px\" height=\"1000px\" data-testid=\"fb:like Facebook Social Plugin\" title=\"fb:like Facebook Social Plugin\" frameborder=\"0\" allowtransparency=\"true\" allowfullscreen=\"true\" scrolling=\"no\" allow=\"encrypted-media\" src=\"https://www.facebook.com/v3.2/plugins/like.php?action=like&amp;app_id=2924600524255256&amp;channel=https%3A%2F%2Fstaticxx.facebook.com%2Fx%2Fconnect%2Fxd_arbiter%2F%3Fversion%3D46%23cb%3Df1df936e8093388%26domain%3Dtintuconline.com.vn%26is_canvas%3Dfalse%26origin%3Dhttps%253A%252F%252Ftintuconline.com.vn%252Ff1c5f5f9cc1e874%26relation%3Dparent.parent&amp;container_width=134&amp;href=https%3A%2F%2Ftintuconline.com.vn%2Fsuc-khoe%2Fdieu-bat-ngo-sau-1-tuan-ngam-chan-bang-ngai-cuu-truoc-khi-ngu-n-546188.html&amp;layout=button_count&amp;locale=vi_VN&amp;sdk=joey&amp;share=false&amp;show_faces=true\" class=\"\" style=\"position: absolute; border-width: initial; border-style: none; visibility: visible; width: 90px; height: 28px;\"></iframe></span></div><a class=\"btn btn-primary shareface\" title=\"Chia sẻ\" style=\"transition: all 0.3s ease 0s; background: rgb(66, 103, 178); border-width: 1px; border-color: rgb(66, 103, 178); border-radius: 3px; font-size: 11px; padding: 3px 5px 2px; margin-left: 5px; margin-right: 5px; font-weight: 600; float: left; line-height: 0; outline: none !important;\">Chia sẻ</a><iframe id=\"twitter-widget-0\" scrolling=\"no\" frameborder=\"0\" allowtransparency=\"true\" allowfullscreen=\"true\" class=\"twitter-share-button twitter-share-button-rendered twitter-tweet-button\" title=\"Twitter Tweet Button\" src=\"https://platform.twitter.com/widgets/tweet_button.644279d1635fd969e87af94a98bd232b.en.html#dnt=false&amp;id=twitter-widget-0&amp;lang=en&amp;original_referer=https%3A%2F%2Ftintuconline.com.vn%2Fsuc-khoe%2Fdieu-bat-ngo-sau-1-tuan-ngam-chan-bang-ngai-cuu-truoc-khi-ngu-n-546188.html&amp;size=m&amp;text=%C4%90i%E1%BB%81u%20b%E1%BA%A5t%20ng%E1%BB%9D%20sau%201%20tu%E1%BA%A7n%20ng%C3%A2m%20ch%C3%A2n%20b%E1%BA%B1ng%20ng%E1%BA%A3i%20c%E1%BB%A9u%20tr%C6%B0%E1%BB%9Bc%20khi%20ng%E1%BB%A7&amp;time=1671807781842&amp;type=share&amp;url=https%3A%2F%2Ftintuconline.com.vn%2Fsuc-khoe%2Fdieu-bat-ngo-sau-1-tuan-ngam-chan-bang-ngai-cuu-truoc-khi-ngu-n-546188.html&amp;via=your_screen_name\" data-url=\"https://tintuconline.com.vn/suc-khoe/dieu-bat-ngo-sau-1-tuan-ngam-chan-bang-ngai-cuu-truoc-khi-ngu-n-546188.html\" style=\"position: static; visibility: visible; width: 73px; height: 20px;\"></iframe></div></div><div class=\"sapo-detail\" style=\"color: rgb(51, 51, 51); font-size: 16px; font-weight: 600; line-height: 26px; font-family: Arial; margin-bottom: 15px; clear: both;\"><h2 style=\"font-family: arial; margin: 0px; color: rgb(51, 51, 51); font-weight: 600; font-size: 16px; line-height: 26px;\">Ngâm chân bằng lá ngải cứu khô trước khi đi ngủ, sau một thời gian cơ thể sẽ có nhiều tiến triển rất rõ rệt.</h2></div><div class=\"list-same-article\" style=\"margin-bottom: 12px; color: rgb(68, 68, 68); font-family: Arial, sans-serif; font-size: 14px;\"><ul style=\"margin-bottom: 0px; margin-left: 0px;\"><li style=\"display: block; line-height: 24px;\"><a data-utm-source=\"#source=chitiet&amp;medium=tinlienquan1\" href=\"https://tintuconline.com.vn/suc-khoe/mua-dong-ngam-chan-rat-tot-cho-suc-khoe-nhung-nhom-nguoi-nay-tuyet-doi-dung-lam-neu-khong-se-nguy-hiem-den-tinh-mang-n-467329.html\" title=\"Mùa đông ngâm chân rất tốt cho sức khỏe, nhưng nhóm người này tuyệt đối đừng làm, nếu không sẽ nguy hiểm đến tính mạng\" style=\"color: rgb(39, 43, 117); transition: all 0.3s ease 0s; position: relative; display: inline-block; line-height: 22px; padding-left: 10px; font-family: Arial; outline: none !important;\">Mùa đông ngâm chân rất tốt cho sức khỏe, nhưng nhóm người này tuyệt đối đừng làm, nếu không sẽ nguy hiểm đến tính mạng</a></li><li style=\"display: block; line-height: 24px;\"><a data-utm-source=\"#source=chitiet&amp;medium=tinlienquan2\" href=\"https://tintuconline.com.vn/suc-khoe/nguoi-phu-nu-dot-nhien-tu-vong-sau-khi-ngam-chan-trong-nuoc-am-3-nhom-nguoi-sau-nhat-dinh-can-than-trong-khi-ngam-chan-trong-nuoc-am-n-436249.html\" title=\"Người phụ nữ đột nhiên tử vong sau khi ngâm chân trong nước ấm, 3 nhóm người sau nhất định cần thận trọng khi ngâm chân trong nước ấm\" style=\"color: rgb(39, 43, 117); transition: all 0.3s ease 0s; position: relative; display: inline-block; line-height: 22px; padding-left: 10px; font-family: Arial; outline: none !important;\">Người phụ nữ đột nhiên tử vong sau khi ngâm chân trong nước ấm, 3 nhóm người sau nhất định cần thận trọng khi ngâm chân trong nước ấm</a></li><li style=\"display: block; line-height: 24px;\"><a data-utm-source=\"#source=chitiet&amp;medium=tinlienquan3\" href=\"https://tintuconline.com.vn/tam-su/ngay-nao-anh-re-cung-mang-nuoc-gung-cho-vo-ngam-chan-khien-toi-ghen-ti-do-mat-den-khi-anh-gap-tai-nan-su-doi-tra-bay-lau-moi-bai-lo-n-435418.html\" title=\"Ngày nào anh rể cũng mang nước gừng cho vợ ngâm chân khiến tôi ghen tị đỏ mắt, đến khi anh gặp tai nạn, sự dối trá bấy lâu mới bại lộ\" style=\"color: rgb(39, 43, 117); transition: all 0.3s ease 0s; position: relative; display: inline-block; line-height: 22px; padding-left: 10px; font-family: Arial; outline: none !important;\">Ngày nào anh rể cũng mang nước gừng cho vợ ngâm chân khiến tôi ghen tị đỏ mắt, đến khi anh gặp tai nạn, sự dối trá bấy lâu mới bại lộ</a></li></ul></div><div class=\"main-detail-content\" id=\"vmcContent\" style=\"overflow: hidden; color: rgb(68, 68, 68); font-family: Arial, sans-serif; font-size: 14px;\"><p style=\"line-height: 26px; font-family: Arial; font-size: 16px; text-align: justify;\">Lương y Vũ Quốc Trung (Hội Đông y Việt Nam) cho biết: Rau&nbsp;<a href=\"https://tintuconline.com.vn/tags/ngai-cuu-208910.vnn\" style=\"color: rgb(9, 78, 181); transition: all 0.3s ease 0s; line-height: 26px; outline: none !important;\">ngải cứu</a>&nbsp;còn được gọi là ngải diệp. Theo Đông y, ngải cứu có vị đắng, tính ấm, mùi thơm, đi vào kinh tỳ, can, thận.</p><p style=\"line-height: 26px; font-family: Arial; font-size: 16px; text-align: justify;\">Ngoài làm rau ăn, ngải cứu có thể được sử dụng để điều trị cảm cúm, ho do lạnh, trị mụn trứng cá, tăng cường sức khỏe cho cơ thể, giúp an thai. Đặc biệt, ngải cứu là loại rau rất tốt để thúc đẩy tuần hoàn máu, điều hoà kinh nguỵệt cho chị em phụ nữ.</p><p style=\"line-height: 26px; font-family: Arial; font-size: 16px; text-align: justify;\"><img src=\"https://ttol.vietnamnetjsc.vn/images/2022/12/21/07/32/ngai-cuu1.jpg\" alt=\"Điều bất ngờ sau 1 tuần ngâm chân bằng ngải cứu trước khi ngủ-1\" class=\"medium-zoom-image\" style=\"display: inline-block; line-height: 26px; max-width: 100%; cursor: zoom-in; margin: 5px; width: 650px; height: auto !important; transition: transform 0.3s cubic-bezier(0.2, 0, 0.2, 1) 0s !important;\"><br style=\"line-height: 26px;\">Ngải cứu dùng để ngâm chân cũng rất hiệu quả. Ngâm chân bằng ngải cứu khô trước khi đi ngủ, sau một thời gian cơ thể sẽ có nhiều tiến triển rất rõ rệt.</p><p style=\"line-height: 26px; font-family: Arial; font-size: 16px; text-align: justify;\">Theo Y học Trung Quốc, bàn chân chính là nền tàng của sức khỏe, được ví như \"bộ não thứ hai\" của con người. Nếu giữ thói quen ngâm chân bằng ngải cứu khô vào buổi tối, bạn sẽ giải tỏa mệt mỏi, thúc đẩy giấc ngủ ngon hơn.&nbsp;</p><p style=\"line-height: 26px; font-family: Arial; font-size: 16px; text-align: justify;\"><strong style=\"line-height: 26px;\">Cụ thể như sau:</strong></p><p style=\"line-height: 26px; font-family: Arial; font-size: 16px; text-align: justify;\"><strong style=\"line-height: 26px;\">1 tuần ngâm chân bằng lá ngải cứu, cơ thể sẽ thay đổi ngoạn mục thế nào?<br style=\"line-height: 26px;\">1. Chữa nấm da chân</strong></p><p style=\"line-height: 26px; font-family: Arial; font-size: 16px; text-align: justify;\">Lá ngải cứu tính ấm, ngâm chân bằng lá ngải cứu có tác dụng giảm ẩm, giảm ngứa, tê phù. Bệnh nhân bị nấm da chân có thể phơi khô lá ngải cứu, sau đó đun lá ngải cứu để ngâm chân, sau một thời gian sẽ làm giảm nấm và giảm ngứa.</p><p style=\"line-height: 26px; font-family: Arial; font-size: 16px; text-align: justify;\"><strong style=\"line-height: 26px;\">2. Giảm mệt mỏi và cải thiện giấc ngủ</strong></p><p style=\"line-height: 26px; font-family: Arial; font-size: 16px; text-align: justify;\">Ngâm chân bằng lá ngải cứu là một phương pháp trị bệnh thông dụng. Giúp giảm stress, chữa chóng mặt, giảm mệt mỏi, chữa tổn thương khớp, ngăn ngừa bệnh tim... từ đó tuổi thọ sẽ được tăng cường.</p><p style=\"line-height: 26px; font-family: Arial; font-size: 16px; text-align: justify;\">Nếu vừa ngâm chân vừa kết hợp massage chân sẽ giúp mạch máu lưu thông hiệu quả hơn. Từ đó, các huyệt dưới chân sẽ được tác động và làm cơ thể cũng như bộ não được thư giãn. Lặp đi lặp lại hàng ngày và chứng mất ngủ cũng từ đó mà biến mất.</p><p style=\"line-height: 26px; font-family: Arial; font-size: 16px; text-align: justify;\"><strong style=\"line-height: 26px;\">3. Khử mùi hôi chân</strong></p><p style=\"line-height: 26px; font-family: Arial; font-size: 16px; text-align: justify;\">Ngoài đem lại cảm giác thư giãn, thoải mái thì ngâm chân bằng lá ngải cứu cũng có thể giúp bạn giải quyết mùi hôi chân. Thậm chí, các bệnh thường xuất hiện vào mùa đông như nứt chân, mồ hôi chân nhiều, tê chân… cũng được giải quyết triệt để.&nbsp;</p><div class=\"vmcadszone\" id=\"vtzone63\" data=\"https://vads.net.vn/Ad?z=63&amp;w=3&amp;domain=http://tintuconline.com.vn/cat1069&amp;isvast=0\" style=\"line-height: 26px; font-family: Arial; font-size: 16px;\"></div><p style=\"line-height: 26px; font-family: Arial; font-size: 16px; text-align: justify;\"><strong style=\"line-height: 26px;\">4. Điều hòa kinh nguyệt</strong></p><p style=\"line-height: 26px; font-family: Arial; font-size: 16px; text-align: justify;\">Lá ngải cứu có chức năng rất tốt là thúc đẩy tuần hoàn máu, làm ấm cơ thể, làm ấm tử cung từ đó tử cung được nuôi dưỡng tốt và điều hòa kinh nguyệt.</p><p style=\"line-height: 26px; font-family: Arial; font-size: 16px; text-align: justify;\">Ngoài ngâm chân, chị em cũng có thể ăn canh ngải cứu nấu thịt nạc để trị chứng kinh nguyệt không đều. Cách làm vô cùng đơn giản: Chỉ cần lấy thịt lợn nạc băm nhỏ, đem tẩm ướp gia vị tùy thích rồi xào qua, nêm nước, đun sôi, sau đó cho rau ngải cứu vào đun sôi. Tắt bếp, nêm thêm hạt nêm cho vừa miệng, ăn với cơm khi còn nóng.</p><p style=\"line-height: 26px; font-family: Arial; font-size: 16px; text-align: justify;\"><strong style=\"line-height: 26px;\">5. Hỗ trợ lưu thông máu, giảm đau nhức cơ thể</strong></p><p style=\"line-height: 26px; font-family: Arial; font-size: 16px; text-align: justify;\">Chỉ cần nấu nước lá ngải cứu đem ngâm chân hoặc ngâm mình. Đều đặn làm như vậy có tác dụng tẩy tế bào chết, làm mềm da và các vết chai, giúp máu lưu thông mạnh hơn, làm dịu các cơ đang bị đau và các chỗ bị sưng hay viêm.</p><p style=\"line-height: 26px; font-family: Arial; font-size: 16px; text-align: justify;\"><img src=\"https://ttol.vietnamnetjsc.vn/images/2022/12/21/07/32/ngai-cuu2.jpg\" alt=\"Điều bất ngờ sau 1 tuần ngâm chân bằng ngải cứu trước khi ngủ-2\" class=\"medium-zoom-image\" style=\"display: inline-block; line-height: 26px; max-width: 100%; cursor: zoom-in; margin: 5px; width: 650px; height: auto !important; transition: transform 0.3s cubic-bezier(0.2, 0, 0.2, 1) 0s !important;\"><br style=\"line-height: 26px;\"><strong style=\"line-height: 26px;\">Lưu ý khi ngâm chân bằng lá ngải cứu</strong><br style=\"line-height: 26px;\">- Mặc dù ngâm chân bằng nước lá ngải cứu rất tốt nhưng tránh ngâm chân khi bụng đói hoặc sau khi ăn.</p><p style=\"line-height: 26px; font-family: Arial; font-size: 16px; text-align: justify;\">- Không nên ngâm chân quá lâu. Chỉ nên trong khoảng 15-30 phút.&nbsp;</p><p style=\"line-height: 26px; font-family: Arial; font-size: 16px; text-align: justify;\">- Nhiệt độ nước nên giữ ở khoảng 45 độ.</p><p style=\"line-height: 26px; font-family: Arial; font-size: 16px; text-align: justify;\">- Tác dụng phụ của ngải cứu là dễ đẩy nhanh quá trình lưu thông máu, thậm chí gây ra triệu chứng tức ngực, đánh trống ngực, một khi có triệu chứng này thì phải lập tức ngừng ngâm chân.</p><p style=\"line-height: 26px; font-family: Arial; font-size: 16px; text-align: justify;\">- Bà bầu, trẻ em không được dùng ngải cứu ngâm chân.</p></div>', 'https://ttol.vietnamnetjsc.vn/images/2022/10/05/12/01/29be30090c44e51abc55.jpg', '2023-06-03 15:33:07', b'1', 30, 1),
(22, 'Song Hye Kyo vướng cáo buộc lạm dụng quyền lực', 'Sau ồn ào sinh con với Ngô Kiến Huy, Thụy Anh đang có cuộc sống vô cùng viên mãn và hạnh phúc bên cạnh con tại Mỹ.', '<div class=\"sapo-detail\" style=\"color: rgb(51, 51, 51); font-size: 16px; font-weight: 600; line-height: 26px; font-family: Arial; margin-bottom: 15px; clear: both;\"><h2 style=\"font-family: arial; margin: 0px; color: rgb(51, 51, 51); font-weight: 600; font-size: 16px; line-height: 26px;\">Góp mặt trong \'Ký ức vui vẻ\' tập 3, Minh Dự khóc về tuổi thơ cơ cực và bày tỏ tình cảm đối với mẹ là công nhân vệ sinh.</h2></div><div class=\"list-same-article\" style=\"margin-bottom: 12px;\"><ul style=\"margin-bottom: 0px; margin-left: 0px;\"><li style=\"display: block; line-height: 24px;\"><a data-utm-source=\"#source=chitiet&amp;medium=tinlienquan1\" href=\"https://tintuconline.com.vn/show-truyen-hinh/danh-hai-bao-quoc-khien-dan-nghe-si-xuc-dong-khi-xuat-hien-o-ky-uc-vui-ve-n-529724.html\" title=\"Danh hài Bảo Quốc khiến dàn nghệ sĩ xúc động khi xuất hiện ở \'Ký Ức Vui Vẻ\'\" style=\"color: rgb(39, 43, 117); transition: all 0.3s ease 0s; font-size: 14px; position: relative; display: inline-block; line-height: 22px; padding-left: 10px; font-family: Arial; outline: none !important;\">Danh hài Bảo Quốc khiến dàn nghệ sĩ xúc động khi xuất hiện ở \'Ký Ức Vui Vẻ\'</a></li><li style=\"display: block; line-height: 24px;\"><a data-utm-source=\"#source=chitiet&amp;medium=tinlienquan2\" href=\"https://tintuconline.com.vn/show-truyen-hinh/ky-uc-vui-ve-mc-lai-van-sam-xuat-hien-noi-loi-xuc-dong-voi-thao-van-n-528970.html\" title=\"Ký ức vui vẻ: MC Lại Văn Sâm xuất hiện, nói lời xúc động với Thảo Vân\" style=\"color: rgb(39, 43, 117); transition: all 0.3s ease 0s; font-size: 14px; position: relative; display: inline-block; line-height: 22px; padding-left: 10px; font-family: Arial; outline: none !important;\">Ký ức vui vẻ: MC Lại Văn Sâm xuất hiện, nói lời xúc động với Thảo Vân</a></li><li style=\"display: block; line-height: 24px;\"><a data-utm-source=\"#source=chitiet&amp;medium=tinlienquan3\" href=\"https://tintuconline.com.vn/show-truyen-hinh/ky-uc-vui-ve-mc-thao-van-lai-xe-may-len-san-khau-n-528713.html\" title=\"Ký ức vui vẻ: MC Thảo Vân lái xe máy lên sân khấu\" style=\"color: rgb(39, 43, 117); transition: all 0.3s ease 0s; font-size: 14px; position: relative; display: inline-block; line-height: 22px; padding-left: 10px; font-family: Arial; outline: none !important;\">Ký ức vui vẻ: MC Thảo Vân lái xe máy lên sân khấu</a></li></ul></div><div class=\"main-detail-content\" id=\"vmcContent\" style=\"overflow: hidden;\"><p style=\"color: rgb(68, 68, 68); line-height: 26px; font-family: Arial; font-size: 16px; text-align: justify;\">Xuất hiện trong tập 3 của chương trình&nbsp;<em style=\"line-height: 26px;\">“<a href=\"https://tintuconline.com.vn/tags/ky-uc-vui-ve-246729.vnn\" style=\"color: rgb(9, 78, 181); transition: all 0.3s ease 0s; line-height: 26px; outline: none !important;\">Ký ức vui vẻ</a>”</em>&nbsp;tập 3 mùa 4, Minh Dự mang đến cho khán giả những câu chuyện ý nghĩa, những giọt nước mắt nghẹn ngào khi nhắc đến công việc làm công nhân và đằng sau đó là cả bầu trời kỷ niệm với mẹ khi còn nhỏ.</p><p style=\"color: rgb(68, 68, 68); line-height: 26px; font-family: Arial; font-size: 16px; text-align: justify;\">Vở kịch ngắn của dàn diễn viên&nbsp;<em style=\"line-height: 26px;\">“Ký ức vui vẻ</em>” mô tả chân thực về đời sống cơ cực, khó khăn của người công nhân xa xứ phải rời khỏi quê hương để tìm kế sinh nhai. Mỗi người sẽ có một lý do, một hoàn cảnh khác nhau nhưng vẫn luôn mong muốn được trở về quê nhà. Những giai điệu đầu tiên của ca khúc&nbsp;<em style=\"line-height: 26px;\">“Nỗi lòng xa xứ”</em>&nbsp;do ca sĩ Nguyễn Phi Hùng cất lên, nhiều khán giả không cầm được nước mắt.</p><p style=\"color: rgb(68, 68, 68); line-height: 26px; font-family: Arial; font-size: 16px; text-align: center;\"><em style=\"line-height: 26px;\"><img alt=\"NSND Tự Long xúc động chuyện mẹ Minh Dự làm công nhân vệ sinh-1\" src=\"https://ttol.vietnamnetjsc.vn/images/2022/08/21/11/14/8cbf6794b5d65c8805c7.jpg\" class=\"medium-zoom-image\" style=\"display: inline-block; line-height: 26px; max-width: 100%; height: 400px; cursor: zoom-in; width: 600px; transition: transform 0.3s cubic-bezier(0.2, 0, 0.2, 1) 0s !important;\"></em></p><p style=\"color: rgb(68, 68, 68); line-height: 26px; font-family: Arial; font-size: 16px; text-align: center;\"><em style=\"line-height: 26px;\">Nguyễn Phi Hùng hát trong hoạt cảnh về nghề công nhân.</em></p><p style=\"color: rgb(68, 68, 68); line-height: 26px; font-family: Arial; font-size: 16px; text-align: justify;\">Lớn lên bằng những đồng lương ít ỏi của mẹ làm công nhân, diễn viên Minh Dự không giấu được nỗi xúc động, bật khóc nghẹn ngào: “Em không chịu nổi, em nghĩ là em phải học để một lúc nào đó có tiền, mẹ em không còn phải chà toilet nữa”.</p><p style=\"color: rgb(68, 68, 68); line-height: 26px; font-family: Arial; font-size: 16px; text-align: justify;\">Nam diễn viên dâng trào cảm xúc: “Bây giờ em lo được cho gia đình, cho cha mẹ không phải cực khổ nữa nhưng em vẫn tự hào đã lớn lên, đi học bằng những đồng lương của công nhân”. Sự hiếu thảo của Minh Dự khiến cho nhiều nghệ sĩ cũng như các khán giả trong trường quay không giấu được những giọt nước mắt. Nhan Phúc Vinh cũng dành cho người em đồng nghiệp cái ôm thật chặt và tin rằng ba mẹ sẽ tự hào về Minh Dự.</p><p style=\"color: rgb(68, 68, 68); line-height: 26px; font-family: Arial; font-size: 16px; text-align: justify;\"><img alt=\"NSND Tự Long xúc động chuyện mẹ Minh Dự làm công nhân vệ sinh-2\" src=\"https://ttol.vietnamnetjsc.vn/images/2022/08/21/11/14/e80c0627d4653d3b6474.jpg\" class=\"medium-zoom-image\" style=\"display: inline-block; line-height: 26px; max-width: 100%; height: 416px; cursor: zoom-in; width: 625px; transition: transform 0.3s cubic-bezier(0.2, 0, 0.2, 1) 0s !important;\"></p><div class=\"vmcadszone\" id=\"vtzone63\" data=\"https://vads.net.vn/Ad?z=63&amp;w=3&amp;domain=http://tintuconline.com.vn/cat1086&amp;isvast=0\" style=\"line-height: 26px; font-family: Arial; font-size: 16px; color: rgb(68, 68, 68);\"></div><p style=\"color: rgb(68, 68, 68); line-height: 26px; font-family: Arial; font-size: 16px; text-align: justify;\">NSND Tự Long cũng bộc bạch: “Anh nghĩ trong 4 mùa của<em style=\"line-height: 26px;\">&nbsp;“Ký ức vui vẻ”</em>&nbsp;luôn có những giọt nước mắt hạnh phúc. Em là một người rất dũng cảm, có nhiều người muốn giấu đi. Em không ngại ngần nói về công việc hơi tự ti một chút về mẹ mình nhưng anh nghĩ là nghề nào cũng có niềm vui. Quan trọng là trong công việc tìm ra niềm vui. Anh cảm thấy rất trân trọng em\".</p><p style=\"color: rgb(68, 68, 68); line-height: 26px; font-family: Arial; font-size: 16px; text-align: justify;\">Cũng trong tập này, ca sĩ Uyên Linh trình diễn lại ca khúc<em style=\"line-height: 26px;\">&nbsp;\"Cảm ơn tình yêu\"</em>&nbsp;đình đám từ 13 năm trước. Cảm xúc của khán giả trong trường quay lại một lần nữa trở nên dâng trào khi Uyên Linh mang đến ca khúc&nbsp;<em style=\"line-height: 26px;\">\"Cảm ơn tình yêu\"</em>. Minh Ngọc cho biết cô là người hâm mộ của Uyên Linh và lần đầu tiên được nghe hát trực tiếp ca khúc này khiến cô xúc động.</p><p style=\"color: rgb(68, 68, 68); line-height: 26px; font-family: Arial; font-size: 16px; text-align: justify;\">Là một trong những giọng ca nổi bật tại \"Vietnam Idol\" năm 2010, Uyên Linh đã chinh phục được ngôi vị quán quân với nhiều màn trình diễn bùng nổ ngay tại chương trình. Trưởng thành từ cuộc thi, Uyên Linh dần được khán giả biết đến và ủng hộ nhiều hơn. Nữ ca sĩ dần khẳng định tên tuổi qua loạt bài hát:&nbsp;<em style=\"line-height: 26px;\">Chờ người nơi ấy</em>,&nbsp;<em style=\"line-height: 26px;\">Giữa đại lộ đông tây, Chiếc lá mùa đông…</em></p><div><em style=\"line-height: 26px;\"><br></em></div></div>', 'https://ttol.vietnamnetjsc.vn/images/2022/11/27/21/29/khi-1.jpg', '2023-06-02 20:30:08', b'1', 31, 1),
(23, 'Song Hye Kyo vướng cáo buộc lạm dụng quyền lực', 'Sau ồn ào sinh con với Ngô Kiến Huy, Thụy Anh đang có cuộc sống vô cùng viên mãn và hạnh phúc bên cạnh con tại Mỹ.', '<div class=\"sapo-detail\" style=\"color: rgb(51, 51, 51); font-size: 16px; font-weight: 600; line-height: 26px; font-family: Arial; margin-bottom: 15px; clear: both;\"><h2 style=\"font-family: arial; margin: 0px; color: rgb(51, 51, 51); font-weight: 600; font-size: 16px; line-height: 26px;\">Nhiều tình tiết của phim bị nhận xét gượng gạo, vô duyên và khó gây cười. Nhìn chung, \'Thông gia ngõ hẹp\' đang rơi vào cảnh luẩn quẩn, không lối thoát.</h2></div><div class=\"list-same-article\" style=\"margin-bottom: 12px; color: rgb(68, 68, 68); font-family: Arial, sans-serif; font-size: 14px;\"><ul style=\"margin-bottom: 0px; margin-left: 0px;\"><li style=\"display: block; line-height: 24px;\"><a data-utm-source=\"#source=chitiet&amp;medium=tinlienquan1\" href=\"https://tintuconline.com.vn/dien-anh/dan-dien-vien-song-o-day-song-thay-doi-the-nao-sau-22-nam-n-541753.html\" title=\"Dàn diễn viên \'Sóng ở đáy sông\' thay đổi thế nào sau 22 năm?\" style=\"color: rgb(39, 43, 117); transition: all 0.3s ease 0s; position: relative; display: inline-block; line-height: 22px; padding-left: 10px; font-family: Arial; outline: none !important;\">Dàn diễn viên \'Sóng ở đáy sông\' thay đổi thế nào sau 22 năm?</a></li><li style=\"display: block; line-height: 24px;\"><a data-utm-source=\"#source=chitiet&amp;medium=tinlienquan2\" href=\"https://tintuconline.com.vn/dien-anh/doan-quoc-dam-ai-cung-muon-duoc-hon-hong-diem-mot-lan-n-541267.html\" title=\"Doãn Quốc Đam: \'Ai cũng muốn được hôn Hồng Diễm một lần\'\" style=\"color: rgb(39, 43, 117); transition: all 0.3s ease 0s; position: relative; display: inline-block; line-height: 22px; padding-left: 10px; font-family: Arial; outline: none !important;\">Doãn Quốc Đam: \'Ai cũng muốn được hôn Hồng Diễm một lần\'</a></li><li style=\"display: block; line-height: 24px;\"><a data-utm-source=\"#source=chitiet&amp;medium=tinlienquan3\" href=\"https://tintuconline.com.vn/dien-anh/trieu-vy-bi-loai-khoi-phim-het-duong-quay-lai-showbiz-n-539791.html\" title=\"Triệu Vy bị loại khỏi phim, hết đường quay lại showbiz\" style=\"color: rgb(39, 43, 117); transition: all 0.3s ease 0s; position: relative; display: inline-block; line-height: 22px; padding-left: 10px; font-family: Arial; outline: none !important;\">Triệu Vy bị loại khỏi phim, hết đường quay lại showbiz</a></li></ul></div><div class=\"main-detail-content\" id=\"vmcContent\" style=\"overflow: hidden; color: rgb(68, 68, 68); font-family: Arial, sans-serif; font-size: 14px;\"><p style=\"line-height: 26px; font-family: Arial; font-size: 16px; text-align: center;\"><em style=\"line-height: 26px;\"><img alt=\"Tình huống kém duyên của phim Thông gia ngõ hẹp-1\" src=\"https://ttol.vietnamnetjsc.vn/images/2022/11/14/09/28/56c9fe66cd2b24757d3a.jpg\" class=\"medium-zoom-image\" style=\"display: inline-block; line-height: 26px; max-width: 100%; height: 300px; cursor: zoom-in; width: 600px; transition: transform 0.3s cubic-bezier(0.2, 0, 0.2, 1) 0s !important;\"></em></p><p style=\"line-height: 26px; font-family: Arial; font-size: 16px; text-align: center;\"><em style=\"line-height: 26px;\">Một phân cảnh trong phim của NSND Trọng Trinh và NSND Thu Hà.</em></p><p style=\"line-height: 26px; font-family: Arial; font-size: 16px; text-align: justify;\"><em style=\"line-height: 26px;\">Thông gia ngõ hẹp&nbsp;</em>đang dừng ở tập 17, tức là chỉ còn khoảng 1/3 chặng đường. Càng về cuối, kịch bản phim càng lộ điểm yếu, rời rạc và thiếu sức hút. Trong tập phim mới nhất, tình huống ông Phúc (NSƯT Chí Trung đóng) nói dối vợ mắc bệnh nan y nhằm cứu vãn mối quan hệ mẹ chồng - nàng dâu bị cho là vô duyên.</p><p style=\"line-height: 26px; font-family: Arial; font-size: 16px; text-align: justify;\"><strong style=\"line-height: 26px;\">Nội dung khó hiểu</strong></p><p style=\"line-height: 26px; font-family: Arial; font-size: 16px; text-align: justify;\">Cụ thể, ông Phúc tâm sự với bạn cũ Hồng (NSND Thu Hà) rằng cảm thấy mệt mỏi, bế tắc khi mẹ vẫn không chấp nhận con dâu sau rất nhiều năm. Hồng gợi ý phương án nói dối và ông Phúc đồng ý.</p><p style=\"line-height: 26px; font-family: Arial; font-size: 16px; text-align: justify;\">Ông nói với mẹ: \"Minh Nhật phát hiện mắc bệnh nặng, tình huống rất gay go, không biết sống được đến lúc nào\". Cụ Thập (nghệ sĩ Tuyết Liên) sau đó cầm theo tấm ảnh chụp X-quang giả, đến gặp bác sĩ - do Hồng sắp xếp. Tại đây, người đàn ông đóng giả bác sĩ phán: \"Dựa trên hồ sơ bệnh án, chúng tôi chẩn đoán bệnh nhân bị u não giai đoạn cuối, tiên lượng khá xấu đấy ạ. Người nhà cần làm cho bệnh nhân vui vẻ, yêu đời. Theo kinh nghiệm của tôi, sự sống của bệnh nhân được tính bằng tháng, không thể tính bằng năm được\".</p><p style=\"line-height: 26px; font-family: Arial; font-size: 16px; text-align: justify;\">Sau khi nghe thông báo, cụ Thập thất thần, lập tức gọi ông Phúc đưa vợ về nhà. Bà trực tiếp đi siêu thị cùng Hồng, chuẩn bị thực phẩm để nấu ăn cho con dâu. Cuộc trò chuyện tại siêu thị giữa nhân vật Hồng và cụ Thập tiếp tục có những câu thoại khó hiểu. Hồng nói: \"Bác đúng là mẹ chồng quốc dân. Mặc dù ghét chị ấy, mà khi chị ấy bị bệnh, bác vẫn quan tâm lo lắng, hết lòng bao dung. Giá mà cháu có mẹ chồng như bác\".</p><p style=\"line-height: 26px; font-family: Arial; font-size: 16px; text-align: center;\"><img alt=\"Tình huống kém duyên của phim Thông gia ngõ hẹp-2\" src=\"https://ttol.vietnamnetjsc.vn/images/2022/11/14/09/28/a427128821c5c89b91d4.jpg\" class=\"medium-zoom-image\" style=\"display: inline-block; line-height: 26px; max-width: 100%; height: 326px; cursor: zoom-in; width: 625px; transition: transform 0.3s cubic-bezier(0.2, 0, 0.2, 1) 0s !important;\"></p><p style=\"line-height: 26px; font-family: Arial; font-size: 16px; text-align: center;\"><em style=\"line-height: 26px;\">Nhiều tình huống trong phim bị nhận xét vô lý. Ảnh: VFC.</em></p><p style=\"line-height: 26px; font-family: Arial; font-size: 16px; text-align: justify;\">Ở phân cảnh trở về nhà, ông Phúc giới thiệu bà Nhật với Hồng \"Đây là vợ anh\", nhưng sau đó lập tức chữa lại \"Đây là mẹ của con anh\" vì sợ cụ Thập phật ý.</p><p style=\"line-height: 26px; font-family: Arial; font-size: 16px; text-align: justify;\">Cách đội ngũ biên kịch lấy vấn đề bệnh tật, sức khỏe để gỡ rối tình huống vấp phải ý kiến trái chiều. Người xem cảm thấy khó chịu khi ông Phúc sẵn sàng nói vợ mắc bệnh hiểm nghèo chỉ để cụ Thập xuống nước. Trong khi đó, với tình huống này, người tổn thương chính là bà Nhật vì mừng hụt trước sự chào đón bất ngờ từ mẹ chồng.</p><div class=\"vmcadszone\" id=\"vtzone63\" data=\"https://vads.net.vn/Ad?z=63&amp;w=3&amp;domain=http://tintuconline.com.vn/cat1086&amp;isvast=0\" style=\"line-height: 26px; font-family: Arial; font-size: 16px;\"></div><p style=\"line-height: 26px; font-family: Arial; font-size: 16px; text-align: justify;\"><strong style=\"line-height: 26px;\">Những hạn chế khác</strong></p><p style=\"line-height: 26px; font-family: Arial; font-size: 16px; text-align: justify;\">Có thể nói&nbsp;<em style=\"line-height: 26px;\">Thông gia ngõ hẹp</em>&nbsp;ngày càng đuối trong việc xây dựng, phát triển tình tiết, nút thắt mở. Nếu như ở những tập đầu, các màn đấu khẩu, chành chọe giữa hai ông bố vẫn duyên dáng, dí dỏm, thì đến giai đoạn sau, câu chuyện trở nên nhàm chán, cũ kỹ. Nhiều ý kiến bày tỏ không đủ kiên nhẫn để theo dõi tiếp những màn tranh cãi vụn vặt, lặp đi lặp lại trong đời sống hàng ngày.</p><p style=\"line-height: 26px; font-family: Arial; font-size: 16px; text-align: justify;\">Cảnh sống nhẫn nhịn, cam chịu của vợ chồng ông Phúc suốt 17 tập phim cứ thế quanh đi quẩn lại. Mỗi lần đối diện mẹ chồng, bà Nhật lại sợ sệt, run rẩy, không dám lên tiếng. Ông Phúc tìm cách chống chế, giải thích ấp úng hết lần này đến lần khác. Chính vì vậy, lối diễn hài dí dỏm của NSƯT Chí Trung không còn phát huy được tác dụng. Trong một số phân đoạn, diễn xuất của của các nghệ sĩ lại thiên về sân khấu kịch.</p><p style=\"line-height: 26px; font-family: Arial; font-size: 16px; text-align: justify;\">Ở phân cảnh cụ Thập phát hiện con trai và con dâu lén lút ở chung, màn chất vấn của mẹ chồng bị làm quá đến mức gây ức chế, dù ê-kíp cố gắng cài cắm những câu thoại hàm ý chọc cười.</p><p style=\"line-height: 26px; font-family: Arial; font-size: 16px; text-align: justify;\">Cụ Thập chì chiết con dâu: \"Chị Nhật, chị cần gì. Bây giờ chị bảo tôi phải làm gì thì chị mới buông tha cho con trai tôi, hả. Nếu chị buông tha cho con tôi, thì tôi ơn chị cả đời nhá! Nó đã 60 tuổi đầu rồi, chị cũng phải để cho nó đi tìm hạnh phúc mới chứ\".</p><p style=\"line-height: 26px; font-family: Arial; font-size: 16px; text-align: center;\"><img alt=\"Tình huống kém duyên của phim Thông gia ngõ hẹp-3\" src=\"https://ttol.vietnamnetjsc.vn/images/2022/11/14/09/28/cfb77a184955a00bf944.jpg\" class=\"medium-zoom-image\" style=\"display: inline-block; line-height: 26px; max-width: 100%; height: 292px; cursor: zoom-in; width: 625px; transition: transform 0.3s cubic-bezier(0.2, 0, 0.2, 1) 0s !important;\"></p><p style=\"line-height: 26px; font-family: Arial; font-size: 16px; text-align: center;\"><em style=\"line-height: 26px;\">Dàn nghệ sĩ góp mặt trong phim.</em></p><p style=\"line-height: 26px; font-family: Arial; font-size: 16px; text-align: justify;\">Ngoài ra, một điểm bất hợp lý nữa của<em style=\"line-height: 26px;\">&nbsp;Thông gia ngõ hẹp</em>&nbsp;là tập trung quá nhiều vào tuyến phụ huynh, từ giai đoạn giữa phim. Mâu thuẫn ghen tuông như trẻ con của vợ chồng ông Khôi (NSND Trọng Trinh) cũng được tận dụng khai thác nhưng lại gượng gạo, không đọng lại điều gì. Tuyến nhân vật Linh (Việt Hoa) - Phan (Trọng Lân) bị trôi tuột, đất diễn mờ nhạt.</p><p style=\"line-height: 26px; font-family: Arial; font-size: 16px; text-align: justify;\">Chơi vơi giữa hai yếu tố bi - hài cùng kịch bản đơn điệu, lời thoại kém đặc sắc,&nbsp;<em style=\"line-height: 26px;\">Thông gia ngõ hẹp</em>&nbsp;khó có thể níu khán giả ngồi trước màn ảnh dù lên sóng khung giờ vàng VTV.</p></div>', 'https://ttol.vietnamnetjsc.vn/images/2022/11/27/21/29/khi-1.jpg', '2023-06-03 16:45:54', b'1', 27, 1);
INSERT INTO `tbl_post` (`postID`, `Title`, `Abstract`, `Contents`, `Images`, `CreatedDate`, `IsActive`, `catID`, `adminID`) VALUES
(25, 'Phá tường giải cứu tên trộm bị mắc kẹt trong lối thoát hơi ở Bình Dương', 'Qua kiểm đếm ban đầu, Công an quận 8 (TP HCM) cho biết có gần 20.000 sản phẩm thuốc giả. Trong khi đó, số thuốc chưa kiểm đếm còn rất lớn.', '<h1 style=\"font-family: Montserrat, sans-serif; margin-top: 0px; margin-bottom: 20px; color: rgb(203, 0, 48); font-weight: 600; line-height: 30px; font-size: 26px;\"><a style=\"color: rgb(39, 43, 117); transition: all 0.3s ease 0s; outline: none !important;\">Vụ ngư dân bị hành hạ ở Cà Mau: Khởi tố bị can thứ 5</a></h1><div class=\"detail-line-top\" style=\"margin-bottom: 18px; width: auto; float: none; color: rgb(68, 68, 68); font-family: Arial, sans-serif; font-size: 14px;\"><div class=\"detail-article-date\" style=\"float: left; font-family: Montserrat, sans-serif; font-size: 12px; color: rgb(134, 134, 134); padding-top: 2px; display: flex;\">Thứ sáu, 16/12/2022 21:44</div><div class=\"detail-cmt-top\" style=\"float: right; padding-left: 6px;\"><a href=\"https://tintuconline.com.vn/phap-luat/vu-ngu-dan-bi-hanh-ha-o-ca-mau-khoi-to-bi-can-thu-5-n-545747.html#article-comment\" style=\"color: rgb(69, 69, 69); transition: all 0.3s ease 0s; outline: none !important;\"><span class=\"txt-cmt-top\" style=\"transition: all 0.3s ease 0s; display: inline-block; background: linear-gradient(0deg, rgb(14, 118, 188) 0%, rgb(69, 74, 175) 100%); padding: 3px 5px; color: rgb(255, 255, 255); font-family: Montserrat, sans-serif; font-size: 11px; font-weight: 600; margin-right: 1px; border-radius: 3px 0px 0px 3px;\">Bình luận</span></a></div><div class=\"detail-share-top\" style=\"float: right; margin-top: 0px;\"><div class=\"fb-like fb_iframe_widget\" data-href=\"https://tintuconline.com.vn/phap-luat/vu-ngu-dan-bi-hanh-ha-o-ca-mau-khoi-to-bi-can-thu-5-n-545747.html\" data-layout=\"button_count\" data-action=\"like\" data-show-faces=\"true\" data-share=\"false\" fb-xfbml-state=\"rendered\" fb-iframe-plugin-query=\"action=like&amp;app_id=2924600524255256&amp;container_width=98&amp;href=https%3A%2F%2Ftintuconline.com.vn%2Fphap-luat%2Fvu-ngu-dan-bi-hanh-ha-o-ca-mau-khoi-to-bi-can-thu-5-n-545747.html&amp;layout=button_count&amp;locale=vi_VN&amp;sdk=joey&amp;share=false&amp;show_faces=true\" style=\"float: left; display: inline-block; position: relative;\"><span style=\"display: inline-block; position: relative; text-align: justify; vertical-align: bottom; width: 90px; height: 28px;\"><iframe name=\"f20260bfb0e592\" width=\"1000px\" height=\"1000px\" data-testid=\"fb:like Facebook Social Plugin\" title=\"fb:like Facebook Social Plugin\" frameborder=\"0\" allowtransparency=\"true\" allowfullscreen=\"true\" scrolling=\"no\" allow=\"encrypted-media\" src=\"https://www.facebook.com/v3.2/plugins/like.php?action=like&amp;app_id=2924600524255256&amp;channel=https%3A%2F%2Fstaticxx.facebook.com%2Fx%2Fconnect%2Fxd_arbiter%2F%3Fversion%3D46%23cb%3Df146c91f85c479%26domain%3Dtintuconline.com.vn%26is_canvas%3Dfalse%26origin%3Dhttps%253A%252F%252Ftintuconline.com.vn%252Ff14523f1fc57eec%26relation%3Dparent.parent&amp;container_width=98&amp;href=https%3A%2F%2Ftintuconline.com.vn%2Fphap-luat%2Fvu-ngu-dan-bi-hanh-ha-o-ca-mau-khoi-to-bi-can-thu-5-n-545747.html&amp;layout=button_count&amp;locale=vi_VN&amp;sdk=joey&amp;share=false&amp;show_faces=true\" class=\"\" style=\"position: absolute; border-width: initial; border-style: none; visibility: visible; width: 90px; height: 28px;\"></iframe></span></div><a class=\"btn btn-primary shareface\" title=\"Chia sẻ\" style=\"transition: all 0.3s ease 0s; background: rgb(66, 103, 178); border-width: 1px; border-color: rgb(66, 103, 178); border-radius: 3px; font-size: 11px; padding: 3px 5px 2px; margin-left: 5px; margin-right: 5px; font-weight: 600; float: left; line-height: 0; outline: none !important;\">Chia sẻ</a></div></div><div class=\"sapo-detail\" style=\"color: rgb(51, 51, 51); font-size: 16px; font-weight: 600; line-height: 26px; font-family: Arial; margin-bottom: 15px; clear: both;\"><h2 style=\"font-family: arial; margin: 0px; color: rgb(51, 51, 51); font-weight: 600; font-size: 16px; line-height: 26px;\">Ngoài 4 bị can đang bị tạm giam, cơ quan điều tra xác định thêm người thứ 5 liên quan vụ hành hạ ngư dân trên tàu cá ở Cà Mau.</h2></div><div class=\"list-same-article\" style=\"margin-bottom: 12px; color: rgb(68, 68, 68); font-family: Arial, sans-serif; font-size: 14px;\"><ul style=\"margin-bottom: 0px; margin-left: 0px;\"><li style=\"display: block; line-height: 24px;\"><a data-utm-source=\"#source=chitiet&amp;medium=tinlienquan1\" href=\"https://tintuconline.com.vn/xa-hoi/uong-ruou-roi-nhan-keo-thi-boi-5-trieu-dong-mot-ngu-dan-mat-tich-tren-bien-n-544162.html\" title=\"Uống rượu rồi nhận kèo thi bơi 5 triệu đồng, một ngư dân mất tích trên biển\" style=\"color: rgb(39, 43, 117); transition: all 0.3s ease 0s; position: relative; display: inline-block; line-height: 22px; padding-left: 10px; font-family: Arial; outline: none !important;\">Uống rượu rồi nhận kèo thi bơi 5 triệu đồng, một ngư dân mất tích trên biển</a></li><li style=\"display: block; line-height: 24px;\"><a data-utm-source=\"#source=chitiet&amp;medium=tinlienquan2\" href=\"https://tintuconline.com.vn/thoi-su/ket-qua-giam-dinh-thuong-tich-ngu-dan-bi-hanh-ha-da-man-n-543122.html\" title=\"Kết quả giám định thương tích ngư dân bị hành hạ dã man\" style=\"color: rgb(39, 43, 117); transition: all 0.3s ease 0s; position: relative; display: inline-block; line-height: 22px; padding-left: 10px; font-family: Arial; outline: none !important;\">Kết quả giám định thương tích ngư dân bị hành hạ dã man</a></li><li style=\"display: block; line-height: 24px;\"><a data-utm-source=\"#source=chitiet&amp;medium=tinlienquan3\" href=\"https://tintuconline.com.vn/thoi-su/bat-khan-cap-3-doi-tuong-hanh-ha-da-man-ngu-dan-n-542936.html\" title=\"Bắt khẩn cấp 3 đối tượng hành hạ dã man ngư dân\" style=\"color: rgb(39, 43, 117); transition: all 0.3s ease 0s; position: relative; display: inline-block; line-height: 22px; padding-left: 10px; font-family: Arial; outline: none !important;\">Bắt khẩn cấp 3 đối tượng hành hạ dã man ngư dân</a></li></ul></div><div class=\"main-detail-content\" id=\"vmcContent\" style=\"overflow: hidden; color: rgb(68, 68, 68); font-family: Arial, sans-serif; font-size: 14px;\"><p style=\"line-height: 26px; font-family: Arial; font-size: 16px; text-align: justify;\">Ngày 16/12, Công an huyện Trần Văn Thời, tỉnh Cà Mau, khởi tố, ra lệnh tạm giam Lê Văn Của (ngụ Cà Mau) về tội&nbsp;<a href=\"https://tintuconline.com.vn/tags/hanh-ha-221205.vnn\" style=\"color: rgb(9, 78, 181); transition: all 0.3s ease 0s; line-height: 26px; outline: none !important;\">Hành hạ</a>&nbsp;người khác.</p><p style=\"line-height: 26px; font-family: Arial; font-size: 16px; text-align: justify;\">Như vậy, vụ ngư dân bị hành hạ trên tàu cá đã có 5 người bị tạm giam. Ngoài Lê Văn Của, 4 người còn lại là Sử Chí Tâm, Nguyễn Công Toàn (còn gọi là To, 33 tuổi), Đoàn Văn Hùng (44 tuổi, ngụ thị trấn Sông Đốc) và Nguyễn Văn Tỵ (34 tuổi, ngụ xã Khánh Hải, huyện Trần Văn Thời).</p><p style=\"line-height: 26px; font-family: Arial; font-size: 16px; text-align: justify;\">Trong đó, Toàn là thuyền trưởng tàu cá BT 97993-TS, có vai trò chủ mưu trong việc hành hạ nạn nhân Trương Văn Trung (49 tuổi) và Lê Văn Bình (30 tuổi).</p><p style=\"line-height: 26px; font-family: Arial; font-size: 16px; text-align: center;\"><br style=\"line-height: 26px;\"><img src=\"https://ttol.vietnamnetjsc.vn/images/2022/12/16/21/41/bao-hanh.jpg\" alt=\"Vụ ngư dân bị hành hạ ở Cà Mau: Khởi tố bị can thứ 5-1\" class=\"medium-zoom-image\" style=\"display: inline-block; line-height: 26px; max-width: 100%; cursor: zoom-in; margin: 5px; width: 650px; height: auto !important; transition: transform 0.3s cubic-bezier(0.2, 0, 0.2, 1) 0s !important;\"><br style=\"line-height: 26px;\"><em style=\"line-height: 26px;\">Từ trái qua: Nguyễn Công Toàn, Đoàn Văn Hùng và Nguyễn Văn Tỵ. Ảnh: Công an cung cấp.</em></p><p style=\"line-height: 26px; font-family: Arial; font-size: 16px; text-align: justify;\">Trước đó, hồi tháng 5, ông Trung và anh Bình trình báo với cơ quan chức năng thị trấn Sông Đốc về việc bị nhiều người hành hung trên tàu cá. Hai nạn nhân trình bày đầu tháng 1, tàu cá BT 97993-TS xuất bến tại cửa biển Sông Đốc. Trên tàu có 7 thuyền viên do Nguyễn Công Toàn (còn gọi là To, con bà Hà) làm thuyền trưởng. Các thuyền viên là Nguyễn Văn Hùng (38 tuổi), Đoàn Văn Hùng, Trương Văn Trung, Phạm Chí Cường, Nguyễn Văn Của và Nguyễn Văn Tỵ (34 tuổi)...</p><p style=\"line-height: 26px; font-family: Arial; font-size: 16px; text-align: justify;\">Vài ngày sau đó, một người không làm biển được nên đi nhờ tàu cá khác vào bờ. Lúc này, bà Hà đưa anh Bình ra làm việc cùng các thuyền viên khác.</p><p style=\"line-height: 26px; font-family: Arial; font-size: 16px; text-align: justify;\">Đến ngày 23/5, ông Trung bị Toàn và một số người dùng kìm bấm vào tai phải, bẻ gãy 4 cái răng, dập môi và gối chân phải. Ngày 24/5, ông Bình bị Toàn và Hùng đánh gây thương tích trên cơ thể tại vùng bả vai phải và gãy một cái răng.</p><div class=\"vmcadszone\" id=\"vtzone63\" data=\"https://vads.net.vn/Ad?z=63&amp;w=3&amp;domain=http://tintuconline.com.vn/cat1003&amp;isvast=0\" style=\"line-height: 26px; font-family: Arial; font-size: 16px;\"></div><p style=\"line-height: 26px; font-family: Arial; font-size: 16px; text-align: justify;\">Sau khi trở về đất liền vào cuối tháng 5, ông Trung kể với người dân địa phương về việc bị Nguyễn Công Toàn dùng roi đuôi cá đuối đánh vào người, đổ nước sôi vào bắp chân và bắt ăn cá sống.</p><p style=\"line-height: 26px; font-family: Arial; font-size: 16px; text-align: justify;\">“Tôi hơi yếu, làm chậm tay. Những lúc làm không kịp anh em thì nó hành hung, đánh tôi, lấy roi cá đuối đánh dập thịt, bắt ăn 11 con cá mắt lộ sống. Cá vừa bắt lên, nó bắt tôi ngồi xé ăn. Tới giờ ăn cơm, nó ăn nhậu cho đã rồi kêu thằng bạn phải bẻ 1-2 cái răng, nói thằng nào không bẻ răng tôi thì bẻ răng thằng đó”, ông Trung kể.</p><p style=\"line-height: 26px; font-family: Arial; font-size: 16px; text-align: justify;\">Sáng 22/11, ông Trương Văn Trung đã được tàu vận tải hàng hóa đưa vào cửa biển Sông Đốc. Nạn nhân này đã được cán bộ điều tra đưa đến Trung tâm Pháp y tỉnh Cà Mau để giám định thương tích. Kết quả giám định ông Trung có tỷ lệ thương tật 48%.</p><p style=\"line-height: 26px; font-family: Arial; font-size: 16px; text-align: justify;\">Nói với Zing, luật sư Nguyễn Trường Thành, Trưởng Văn phòng Luật sư Vạn Lý (TP Cần Thơ), cho biết người nào hành hạ nạn nhân có tỷ lệ thương tích từ 31% trở lên sẽ phạm vào Khoản 2, Điều 140 Bộ luật Hình sự. Khoản này có tình tiết định khung với mức án tù từ 1-3 năm.</p></div>', 'https://ttol.vietnamnetjsc.vn/images/2022/12/18/11/53/dot-nha.jpg', '2023-06-04 15:33:13', b'1', 23, 43),
(26, 'Nhân viên nhà nghỉ lo lắng giúp khách thoát cảnh đánh ghen', 'Bệnh nhân T được đến cấp cứu tại Bệnh viện Bãi Cháy trong tình trạng tím tái, nhịp tim chậm, suy hô hấp.', '<div class=\"sapo-detail\" style=\"color: rgb(51, 51, 51); font-size: 16px; font-weight: 600; line-height: 26px; font-family: Arial; margin-bottom: 15px; clear: both;\"><h2 style=\"font-family: arial; margin: 0px; color: rgb(51, 51, 51); font-weight: 600; font-size: 16px; line-height: 26px;\">Đoạn clip thanh niên mặc đồ ông già Noel điều khiển xe máy và xe đạp bốc đầu, được chia sẻ nhiều trên các diễn đàn mạng xã hội khiến nhiều người bức xúc.</h2></div><div class=\"list-same-article\" style=\"margin-bottom: 12px; color: rgb(68, 68, 68); font-family: Arial, sans-serif; font-size: 14px;\"><ul style=\"margin-bottom: 0px; margin-left: 0px;\"><li style=\"display: block; line-height: 24px;\"><a data-utm-source=\"#source=chitiet&amp;medium=tinlienquan1\" href=\"https://tintuconline.com.vn/vao-bep/giang-sinh-dang-canke-lam-ngay-3-mon-ngon-cho-bua-an-gia-dinh-them-am-ap-n-546407.html\" title=\"Giáng sinh đang cận&nbsp;kề, làm ngay 3 món ngon cho bữa ăn gia đình thêm ấm áp\" style=\"color: rgb(39, 43, 117); transition: all 0.3s ease 0s; position: relative; display: inline-block; line-height: 22px; padding-left: 10px; font-family: Arial; outline: none !important;\">Giáng sinh đang cận&nbsp;kề, làm ngay 3 món ngon cho bữa ăn gia đình thêm ấm áp</a></li><li style=\"display: block; line-height: 24px;\"><a data-utm-source=\"#source=chitiet&amp;medium=tinlienquan2\" href=\"https://tintuconline.com.vn/video/doc-dao-con-duong-hang-da-giang-sinh-dai-200-m-tai-dong-nai-n-546425.html\" title=\"Độc đáo con đường hang đá Giáng sinh dài 200 m tại Đồng Nai\" style=\"color: rgb(39, 43, 117); transition: all 0.3s ease 0s; position: relative; display: inline-block; line-height: 22px; padding-left: 10px; font-family: Arial; outline: none !important;\">Độc đáo con đường hang đá Giáng sinh dài 200 m tại Đồng Nai</a></li><li style=\"display: block; line-height: 24px;\"><a data-utm-source=\"#source=chitiet&amp;medium=tinlienquan3\" href=\"https://tintuconline.com.vn/doi-song/loi-chuc-giang-sinh-vui-nhon-va-y-nghia-danh-cho-ban-be-n-546047.html\" title=\"Lời chúc Giáng sinh vui nhộn và ý nghĩa dành cho bạn bè\" style=\"color: rgb(39, 43, 117); transition: all 0.3s ease 0s; position: relative; display: inline-block; line-height: 22px; padding-left: 10px; font-family: Arial; outline: none !important;\">Lời chúc Giáng sinh vui nhộn và ý nghĩa dành cho bạn bè</a></li></ul></div><div class=\"main-detail-content\" id=\"vmcContent\" style=\"overflow: hidden; color: rgb(68, 68, 68); font-family: Arial, sans-serif; font-size: 14px;\"><p style=\"line-height: 26px; font-family: Arial; font-size: 16px; text-align: justify;\">Một đoạn clip ghi lại cảnh thanh niên mặc đồ “ông già Noel” điều khiển xe máy và xe đạp di chuyển trên đường bốc đầu khiến nhiều người bức xúc.</p><p style=\"line-height: 26px; font-family: Arial; font-size: 16px; text-align: center;\"><em style=\"line-height: 26px;\"><img alt=\"Clip đêm Giáng sinh, một số thanh niên mặc đồ ông già Noel bốc đầu cả xe máy lẫn xe đạp gây bức xúc-1\" src=\"https://ttol.vietnamnetjsc.vn/images/2022/12/25/14/39/saostar-60nf0rggoa3b59v7.png\" class=\"medium-zoom-image\" style=\"display: inline-block; line-height: 26px; max-width: 100%; height: 787px; cursor: zoom-in; width: 1037px; transition: transform 0.3s cubic-bezier(0.2, 0, 0.2, 1) 0s !important;\"></em></p><p style=\"line-height: 26px; font-family: Arial; font-size: 16px; text-align: center;\"><em style=\"line-height: 26px;\">Clip thanh niên mặc đồ \"ông già Noel\", bốc đầu xe máy giữa đường phố trong đêm. (Ảnh cắt từ clip MXH).</em></p><p style=\"line-height: 26px; font-family: Arial; font-size: 16px; text-align: justify;\">Theo đoạn clip cho thấy, một nam thanh niên mặc đồ “ông già Noel” điều khiển xe máy di chuyển trên đường trong đêm rồi bốc đầu khiến nhiều người phẫn nộ.</p><p style=\"line-height: 26px; font-family: Arial; font-size: 16px; text-align: justify;\">Nam thanh niên di chuyển với tốc độ cao, trên đường có nhiều phương tiện khác đang tham gia giao thông nhưng thanh niên vẫn bất chấp bốc đầu, điều khiển xe bằng một bánh khiến nhiều người tỏ ra bức xúc.</p><p style=\"line-height: 26px; font-family: Arial; font-size: 16px; text-align: justify;\">Một thanh niên khác cũng mặc đồ \"ông già&nbsp;<a href=\"https://tintuconline.com.vn/tags/noel-221389.vnn\" style=\"color: rgb(9, 78, 181); transition: all 0.3s ease 0s; line-height: 26px; outline: none !important;\">Noel</a>\" và điều khiển xe đạp. Điều đáng nói, thanh niên này cũng bốc đầu, điều khiển xe đạp bằng một bánh.</p><p style=\"line-height: 26px; font-family: Arial; font-size: 16px; text-align: center;\"><em style=\"line-height: 26px;\"><img alt=\"Clip đêm Giáng sinh, một số thanh niên mặc đồ ông già Noel bốc đầu cả xe máy lẫn xe đạp gây bức xúc-2\" src=\"https://ttol.vietnamnetjsc.vn/images/2022/12/25/14/39/saostar-ocpaa4unu3jzu1ow.png\" class=\"medium-zoom-image\" style=\"display: inline-block; line-height: 26px; max-width: 100%; height: 950px; cursor: zoom-in; width: 1074px; transition: transform 0.3s cubic-bezier(0.2, 0, 0.2, 1) 0s !important;\"></em></p><p style=\"line-height: 26px; font-family: Arial; font-size: 16px; text-align: center;\"><em style=\"line-height: 26px;\">(Ảnh cắt từ clip MXH).</em></p><p style=\"line-height: 26px; font-family: Arial; font-size: 16px; text-align: center;\"><em style=\"line-height: 26px;\"><img alt=\"Clip đêm Giáng sinh, một số thanh niên mặc đồ ông già Noel bốc đầu cả xe máy lẫn xe đạp gây bức xúc-3\" src=\"https://ttol.vietnamnetjsc.vn/images/2022/12/25/14/39/saostar-4mkfclvbl0loq171.png\" class=\"medium-zoom-image\" style=\"display: inline-block; line-height: 26px; max-width: 100%; height: 912px; cursor: zoom-in; width: 1029px; transition: transform 0.3s cubic-bezier(0.2, 0, 0.2, 1) 0s !important;\"></em></p><p style=\"line-height: 26px; font-family: Arial; font-size: 16px; text-align: center;\"><em style=\"line-height: 26px;\">Hành động coi thường tính mạng của bản thân và những người đi đường của thanh niên khiến nhiều người bức xúc. (Ảnh cắt từ clip MXH).</em></p><p style=\"line-height: 26px; font-family: Arial; font-size: 16px; text-align: justify;\">Trước đó, trên mạng xã hội Facebook cũng lan truyền đoạn clip dài hơn 1 phút về việc một nam thanh niên mặc quần áo “ông già Noel\" đi xe Wave hiệu Honda liên tục bốc đầu xe, lạng lạc khiến cư dân mạng phẫn nộ.</p><div class=\"vmcadszone\" id=\"vtzone63\" data=\"https://vads.net.vn/Ad?z=63&amp;w=3&amp;domain=http://tintuconline.com.vn/cat1003&amp;isvast=0\" style=\"line-height: 26px; font-family: Arial; font-size: 16px;\"></div><p style=\"line-height: 26px; font-family: Arial; font-size: 16px; text-align: justify;\">Sự việc được xác định xảy ra trên đoạn thuộc đường Quốc lộ 3 mới Thái Nguyên - Bắc Kạn.</p><p style=\"line-height: 26px; font-family: Arial; font-size: 16px; text-align: center;\"><em style=\"line-height: 26px;\"><img alt=\"Clip đêm Giáng sinh, một số thanh niên mặc đồ ông già Noel bốc đầu cả xe máy lẫn xe đạp gây bức xúc-4\" src=\"https://ttol.vietnamnetjsc.vn/images/2022/12/25/14/39/saostar-s80gc5osho927c75.png\" class=\"medium-zoom-image\" style=\"display: inline-block; line-height: 26px; max-width: 100%; height: 921px; cursor: zoom-in; width: 1034px; transition: transform 0.3s cubic-bezier(0.2, 0, 0.2, 1) 0s !important;\"></em></p><p style=\"line-height: 26px; font-family: Arial; font-size: 16px; text-align: center;\"><em style=\"line-height: 26px;\">Thanh niên đi xe đạp cũng hành động tương tự, bất chấp nguy hiểm. (Ảnh cắt từ clip MXH).</em></p><p style=\"line-height: 26px; font-family: Arial; font-size: 16px; text-align: justify;\">Trong đoạn clip, nam thanh niên có độ tuổi khoảng 16 - 25 tuổi, liên tục bốc đầu xe, lạng lách, đánh võng ở cầu cạn số 1, 2, 3 và một số đoạn đường khác thuộc đường Quốc lộ 3 mới Thái Nguyên - Bắc Kạn.</p><p style=\"line-height: 26px; font-family: Arial; font-size: 16px; text-align: center;\"><em style=\"line-height: 26px;\"><img alt=\"Clip đêm Giáng sinh, một số thanh niên mặc đồ ông già Noel bốc đầu cả xe máy lẫn xe đạp gây bức xúc-5\" src=\"https://ttol.vietnamnetjsc.vn/images/2022/12/25/14/39/saostar-okcpr3uzdkjwaf3f.png\" class=\"medium-zoom-image\" style=\"display: inline-block; line-height: 26px; max-width: 100%; height: 1024px; cursor: zoom-in; width: 1819px; transition: transform 0.3s cubic-bezier(0.2, 0, 0.2, 1) 0s !important;\"><img alt=\"Clip đêm Giáng sinh, một số thanh niên mặc đồ ông già Noel bốc đầu cả xe máy lẫn xe đạp gây bức xúc-6\" src=\"https://ttol.vietnamnetjsc.vn/images/2022/12/25/14/39/saostar-xksa6wnmempze37w.png\" class=\"medium-zoom-image\" style=\"display: inline-block; line-height: 26px; max-width: 100%; height: 1021px; cursor: zoom-in; width: 1876px; transition: transform 0.3s cubic-bezier(0.2, 0, 0.2, 1) 0s !important;\"></em></p><p style=\"line-height: 26px; font-family: Arial; font-size: 16px; text-align: center;\"><em style=\"line-height: 26px;\">Trước đó một thanh niên ở Bắc Kạn cũng lọt vào tầm ngắm của nhà chức trách khi điều khiển xe máy bốc đầu. (Ảnh cắt từ clip MXH).</em></p><p style=\"line-height: 26px; font-family: Arial; font-size: 16px; text-align: justify;\">Thậm chí, đoạn cầu đường dốc, cua nhỏ, có nhiều phương tiện qua lại nhưng thanh niên này vẫn thản nhiên đi xe máy 1 bánh. Hành vi của nam thanh niên khiến dư luận phẫn nộ.</p><p style=\"line-height: 26px; font-family: Arial; font-size: 16px; text-align: justify;\">Thông tin với báo chí, một đại diện Phòng CSGT - Công an tỉnh Thái Nguyên, cho biết hiện vụ việc đang được lực lượng chức năng xác minh.</p></div>', 'https://ttol.vietnamnetjsc.vn/images/2022/12/25/14/39/saostar-60nf0rggoa3b59v7.png', '2023-06-04 15:33:12', b'1', 23, 43),
(27, 'CLIP: Khó tin gã đàn ông &quot;kén chọn&quot; khi gây án', 'Những hình ảnh, clip ghi lại hiện trường vụ tai nạn nhanh chóng trở thành tâm điểm bàn luận của số đông.', '<h1 style=\"font-family: Montserrat, sans-serif; margin-top: 0px; margin-bottom: 20px; color: rgb(203, 0, 48); font-weight: 600; line-height: 30px; font-size: 26px;\"><a style=\"color: rgb(39, 43, 117); transition: all 0.3s ease 0s; outline: none !important;\">CLIP: Khó tin gã đàn ông \"kén chọn\" khi gây án</a></h1><div class=\"detail-line-top\" style=\"margin-bottom: 18px; width: auto; float: none; color: rgb(68, 68, 68); font-family: Arial, sans-serif; font-size: 14px;\"><div class=\"detail-article-date\" style=\"float: left; font-family: Montserrat, sans-serif; font-size: 12px; color: rgb(134, 134, 134); padding-top: 2px; display: flex;\">Chủ nhật, 02/10/2022 10:10</div><div class=\"detail-cmt-top\" style=\"float: right; padding-left: 6px;\"><a href=\"https://tintuconline.com.vn/mang-xa-hoi/clip-kho-tin-ga-dan-ong-ken-chon-khi-gay-an-n-537181.html#article-comment\" style=\"color: rgb(69, 69, 69); transition: all 0.3s ease 0s; outline: none !important;\"><span class=\"txt-cmt-top\" style=\"transition: all 0.3s ease 0s; display: inline-block; background: linear-gradient(0deg, rgb(14, 118, 188) 0%, rgb(69, 74, 175) 100%); padding: 3px 5px; color: rgb(255, 255, 255); font-family: Montserrat, sans-serif; font-size: 11px; font-weight: 600; margin-right: 1px; border-radius: 3px 0px 0px 3px;\">Bình luận</span></a></div><div class=\"detail-share-top\" style=\"float: right; margin-top: 0px;\"><div class=\"fb-like\" data-href=\"https://tintuconline.com.vn/mang-xa-hoi/clip-kho-tin-ga-dan-ong-ken-chon-khi-gay-an-n-537181.html\" data-layout=\"button_count\" data-action=\"like\" data-show-faces=\"true\" data-share=\"false\"></div><a class=\"btn btn-primary shareface\" title=\"Chia sẻ\" style=\"transition: all 0.3s ease 0s; background: rgb(66, 103, 178); border-width: 1px; border-color: rgb(66, 103, 178); border-radius: 3px; font-size: 11px; padding: 3px 5px 2px; margin-left: 5px; margin-right: 5px; font-weight: 600; float: left; line-height: 0; outline: none !important;\">Chia sẻ</a><iframe id=\"twitter-widget-0\" scrolling=\"no\" frameborder=\"0\" allowtransparency=\"true\" allowfullscreen=\"true\" class=\"twitter-share-button twitter-share-button-rendered twitter-tweet-button\" title=\"Twitter Tweet Button\" src=\"https://platform.twitter.com/widgets/tweet_button.644279d1635fd969e87af94a98bd232b.en.html#dnt=false&amp;id=twitter-widget-0&amp;lang=en&amp;original_referer=https%3A%2F%2Ftintuconline.com.vn%2Fmang-xa-hoi%2Fclip-kho-tin-ga-dan-ong-ken-chon-khi-gay-an-n-537181.html&amp;size=m&amp;text=CLIP%3A%20Kh%C3%B3%20tin%20g%C3%A3%20%C4%91%C3%A0n%20%C3%B4ng%20%27k%C3%A9n%20ch%E1%BB%8Dn%27%20khi%20g%C3%A2y%20%C3%A1n&amp;time=1671808245856&amp;type=share&amp;url=https%3A%2F%2Ftintuconline.com.vn%2Fmang-xa-hoi%2Fclip-kho-tin-ga-dan-ong-ken-chon-khi-gay-an-n-537181.html&amp;via=your_screen_name\" data-url=\"https://tintuconline.com.vn/mang-xa-hoi/clip-kho-tin-ga-dan-ong-ken-chon-khi-gay-an-n-537181.html\" style=\"position: static; visibility: visible; width: 73px; height: 20px;\"></iframe></div></div><div class=\"sapo-detail\" style=\"color: rgb(51, 51, 51); font-size: 16px; font-weight: 600; line-height: 26px; font-family: Arial; margin-bottom: 15px; clear: both;\"><h2 style=\"font-family: arial; margin: 0px; color: rgb(51, 51, 51); font-weight: 600; font-size: 16px; line-height: 26px;\">Gã đàn ông đi vào sâu bên trong tiệm tạp hóa chọn lấy những thùng bia đắt tiền để trộm</h2></div><div class=\"list-same-article\" style=\"margin-bottom: 12px; color: rgb(68, 68, 68); font-family: Arial, sans-serif; font-size: 14px;\"><ul style=\"margin-bottom: 0px; margin-left: 0px;\"><li style=\"display: block; line-height: 24px;\"><a data-utm-source=\"#source=chitiet&amp;medium=tinlienquan1\" href=\"https://tintuconline.com.vn/thoi-su/chau-be-8-tuoi-bi-tam-xang-dot-vi-khong-chiu-di-trom-cap-n-526084.html\" title=\"Cháu bé 8 tuổi bị tẩm xăng đốt vì không chịu đi trộm cắp\" style=\"color: rgb(39, 43, 117); transition: all 0.3s ease 0s; position: relative; display: inline-block; line-height: 22px; padding-left: 10px; font-family: Arial; outline: none !important;\">Cháu bé 8 tuổi bị tẩm xăng đốt vì không chịu đi trộm cắp</a></li><li style=\"display: block; line-height: 24px;\"><a data-utm-source=\"#source=chitiet&amp;medium=tinlienquan2\" href=\"https://tintuconline.com.vn/tam-su/con-dau-ta-hoa-vi-trong-nha-that-lac-do-dac-tien-bac-la-bi-me-chong-vu-cho-trom-cap-n-525683.html\" title=\"Con dâu tá hỏa vì trong nhà thất lạc đồ đạc, tiền bạc là bị mẹ chồng vu cho trộm cắp\" style=\"color: rgb(39, 43, 117); transition: all 0.3s ease 0s; position: relative; display: inline-block; line-height: 22px; padding-left: 10px; font-family: Arial; outline: none !important;\">Con dâu tá hỏa vì trong nhà thất lạc đồ đạc, tiền bạc là bị mẹ chồng vu cho trộm cắp</a></li><li style=\"display: block; line-height: 24px;\"><a data-utm-source=\"#source=chitiet&amp;medium=tinlienquan3\" href=\"https://tintuconline.com.vn/phap-luat/di-ly-o-nhom-trom-cap-xuyen-quoc-gia-nguoi-mong-co-ve-ha-noi-n-522811.html\" title=\"Di lý ổ nhóm trộm cắp xuyên quốc gia người Mông Cổ về Hà Nội\" style=\"color: rgb(39, 43, 117); transition: all 0.3s ease 0s; position: relative; display: inline-block; line-height: 22px; padding-left: 10px; font-family: Arial; outline: none !important;\">Di lý ổ nhóm trộm cắp xuyên quốc gia người Mông Cổ về Hà Nội</a></li></ul></div><div class=\"main-detail-content\" id=\"vmcContent\" style=\"overflow: hidden; color: rgb(68, 68, 68); font-family: Arial, sans-serif; font-size: 14px;\"><p style=\"line-height: 26px; font-family: Arial; font-size: 16px; text-align: justify;\">Ngày 2-10, ông Huỳnh Thanh Lam (ngụ phường Tân Xuyên, TP Cà Mau, tỉnh Cà Mau) cho biết đã trình báo công an và đăng clip bị trộm \"ghé thăm\" lên&nbsp;<a href=\"https://tintuconline.com.vn/vnn/xa-hoi/mang-xa-hoi/\" style=\"color: rgb(9, 78, 181); transition: all 0.3s ease 0s; line-height: 26px; outline: none !important;\">mạng xã hội</a>&nbsp;để mọi người cảnh giác.</p><p style=\"line-height: 26px; font-family: Arial; font-size: 16px; text-align: justify;\">Theo lời ông Lam, tối 29-9, 1 trong 2 gã đàn ông di chuyển bằng xe máy đã đi vào tiệm tạp hóa của gia đình ông Lam rồi trộm 2 thùng bia.</p><p style=\"line-height: 26px; font-family: Arial; font-size: 16px; text-align: center;\"><img src=\"https://ttol.vietnamnetjsc.vn/images/2022/10/02/10/07/trom-bia-1.jpg\" alt=\"CLIP: Khó tin gã đàn ông kén chọn khi gây án-1\" class=\"medium-zoom-image\" style=\"display: inline-block; line-height: 26px; max-width: 100%; cursor: zoom-in; margin: 5px; width: 650px; height: auto !important; transition: transform 0.3s cubic-bezier(0.2, 0, 0.2, 1) 0s !important;\"><br style=\"line-height: 26px;\"><em style=\"line-height: 26px;\">Hành động trộm bia của gã đàn ông được camera ghi lại</em></p><p style=\"line-height: 26px; font-family: Arial; font-size: 16px; text-align: center;\"><img src=\"https://ttol.vietnamnetjsc.vn/images/2022/10/02/10/07/trom-bia-2.jpg\" alt=\"CLIP: Khó tin gã đàn ông kén chọn khi gây án-2\" class=\"medium-zoom-image\" style=\"display: inline-block; line-height: 26px; max-width: 100%; cursor: zoom-in; margin: 5px; width: 650px; height: auto !important; transition: transform 0.3s cubic-bezier(0.2, 0, 0.2, 1) 0s !important;\"><br style=\"line-height: 26px;\"><em style=\"line-height: 26px;\">Ông Lam giăng dây tại cửa để gây khó khăn trong quá trình</em></p><p style=\"line-height: 26px; font-family: Arial; font-size: 16px; text-align: justify;\">Nghe tiếng động lạ, ông Lam chạy ra thì phát hiện vụ việc nên tri hô và đuổi bắt gã trộm. Bị phát hiện, gã trộm đã bỏ lại 2 thùng bia để chạy thoát thân. Diễn biến vụ việc được camera an ninh ghi lại.</p><div class=\"vmcadszone\" id=\"vtzone63\" data=\"https://vads.net.vn/Ad?z=63&amp;w=3&amp;domain=http://tintuconline.com.vn/cat1003&amp;isvast=0\" style=\"line-height: 26px; font-family: Arial; font-size: 16px;\"></div><p style=\"line-height: 26px; font-family: Arial; font-size: 16px; text-align: center;\"><iframe allow=\"autoplay; fullscreen\" allowfullscreen=\"\" frameborder=\"0\" height=\"315\" src=\"https://embed.vietnamnettv.vn/v/249027.html\" width=\"560\" style=\"line-height: 26px;\"></iframe></p><p style=\"line-height: 26px; font-family: Arial; font-size: 16px; text-align: center;\"><em style=\"line-height: 26px;\">CLIP Gã đàn ông \"kén chọn\" khi trộm bia</em></p><p style=\"line-height: 26px; font-family: Arial; font-size: 16px; text-align: justify;\">\"Trước đó,&nbsp;<a href=\"https://tintuconline.com.vn/vnn/gia-dinh/\" style=\"color: rgb(9, 78, 181); transition: all 0.3s ease 0s; line-height: 26px; outline: none !important;\">gia đình</a>&nbsp;tôi đã bị các đối tượng đột nhập lấy trộm bia. Để bảo vệ tài sản, tôi gắn thêm camera và giăng dây nhằm tạo sự khó khăn trong quá trình tẩu thoát nếu có trộm ghé thăm\" – ông Lam nói.</p></div>', 'https://ttol.vietnamnetjsc.vn/images/2022/09/18/16/13/tai-nan-5.jpg', '2023-06-04 15:33:11', b'1', 23, 43),
(28, 'sdfg', 'sdfg', '<p>tienganh</p>', '/admin/Summernote/elFinder/php/../files/post/Form%20thi%20tieng%20anh%20chuyen%20nganh.jpg', '2023-06-04 21:39:16', NULL, 31, 1),
(29, 'test', 'test', '<p>test</p>', '/admin/Summernote/elFinder/php/../files/avatar/tran-danh-quy.jpg', '2023-06-12 01:26:27', NULL, 28, 1),
(30, 'ABC', 'ABC', '<p>ABC</p>', '/admin/Summernote/elFinder/php/../files/post/L%E1%BB%99%20tr%C3%ACnh%20TA.png', '2023-06-13 19:49:53', b'1', 37, 1),
(31, 'ABC', 'ABC', '<p>ABC</p>', '/admin/Summernote/elFinder/php/../files/post/L%E1%BB%99%20tr%C3%ACnh%20TA.png', '2023-06-13 19:49:52', b'1', 23, 1);

-- --------------------------------------------------------

--
-- Cấu trúc bảng cho bảng `tbl_role`
--

CREATE TABLE `tbl_role` (
  `roleID` int(11) NOT NULL,
  `roleName` varchar(50) CHARACTER SET utf8 COLLATE utf8_unicode_ci DEFAULT NULL COMMENT 'Tên quyền',
  `roleDescription` varchar(255) CHARACTER SET utf8 COLLATE utf8_unicode_ci DEFAULT NULL COMMENT 'mô tả về quyền'
) ENGINE=InnoDB DEFAULT CHARSET=utf8 COLLATE=utf8_general_ci;

--
-- Đang đổ dữ liệu cho bảng `tbl_role`
--

INSERT INTO `tbl_role` (`roleID`, `roleName`, `roleDescription`) VALUES
(1, 'Admin', 'Quản trị viên'),
(2, 'Cộng tác viên', 'Người viết bài'),
(3, 'Độc giả', 'Người xem');

-- --------------------------------------------------------

--
-- Cấu trúc bảng cho bảng `tbl_roleurl`
--

CREATE TABLE `tbl_roleurl` (
  `urlID` int(11) NOT NULL,
  `roleID` int(11) DEFAULT NULL,
  `url` varchar(255) DEFAULT NULL
) ENGINE=InnoDB DEFAULT CHARSET=utf8 COLLATE=utf8_general_ci;

--
-- Đang đổ dữ liệu cho bảng `tbl_roleurl`
--

INSERT INTO `tbl_roleurl` (`urlID`, `roleID`, `url`) VALUES
(11, 2, '\\/admin\\/page\\/index.php'),
(12, 2, '\\/admin\\/page\\/post\\/.*');

--
-- Chỉ mục cho các bảng đã đổ
--

--
-- Chỉ mục cho bảng `tbl_admin`
--
ALTER TABLE `tbl_admin`
  ADD PRIMARY KEY (`adminID`),
  ADD KEY `roleID` (`roleID`);

--
-- Chỉ mục cho bảng `tbl_adminmenu`
--
ALTER TABLE `tbl_adminmenu`
  ADD PRIMARY KEY (`adminMenuID`),
  ADD KEY `tbl_adminmenu_tbl_adminmenu_adminMenuID_fk` (`ParentLevel`);

--
-- Chỉ mục cho bảng `tbl_adminmenurole`
--
ALTER TABLE `tbl_adminmenurole`
  ADD PRIMARY KEY (`adminMenuID`,`roleID`),
  ADD KEY `roleID` (`roleID`);

--
-- Chỉ mục cho bảng `tbl_category`
--
ALTER TABLE `tbl_category`
  ADD PRIMARY KEY (`catID`);

--
-- Chỉ mục cho bảng `tbl_comment`
--
ALTER TABLE `tbl_comment`
  ADD PRIMARY KEY (`commentID`),
  ADD KEY `postID` (`postID`);

--
-- Chỉ mục cho bảng `tbl_contact`
--
ALTER TABLE `tbl_contact`
  ADD PRIMARY KEY (`contactID`);

--
-- Chỉ mục cho bảng `tbl_post`
--
ALTER TABLE `tbl_post`
  ADD PRIMARY KEY (`postID`),
  ADD KEY `catID` (`catID`,`adminID`),
  ADD KEY `adminID` (`adminID`);

--
-- Chỉ mục cho bảng `tbl_role`
--
ALTER TABLE `tbl_role`
  ADD PRIMARY KEY (`roleID`);

--
-- Chỉ mục cho bảng `tbl_roleurl`
--
ALTER TABLE `tbl_roleurl`
  ADD PRIMARY KEY (`urlID`),
  ADD KEY `roleID` (`roleID`);

--
-- AUTO_INCREMENT cho các bảng đã đổ
--

--
-- AUTO_INCREMENT cho bảng `tbl_admin`
--
ALTER TABLE `tbl_admin`
  MODIFY `adminID` int(11) NOT NULL AUTO_INCREMENT, AUTO_INCREMENT=45;

--
-- AUTO_INCREMENT cho bảng `tbl_adminmenu`
--
ALTER TABLE `tbl_adminmenu`
  MODIFY `adminMenuID` int(255) NOT NULL AUTO_INCREMENT, AUTO_INCREMENT=17;

--
-- AUTO_INCREMENT cho bảng `tbl_category`
--
ALTER TABLE `tbl_category`
  MODIFY `catID` int(11) NOT NULL AUTO_INCREMENT, AUTO_INCREMENT=38;

--
-- AUTO_INCREMENT cho bảng `tbl_comment`
--
ALTER TABLE `tbl_comment`
  MODIFY `commentID` int(11) NOT NULL AUTO_INCREMENT, AUTO_INCREMENT=10;

--
-- AUTO_INCREMENT cho bảng `tbl_contact`
--
ALTER TABLE `tbl_contact`
  MODIFY `contactID` int(11) NOT NULL AUTO_INCREMENT, AUTO_INCREMENT=4;

--
-- AUTO_INCREMENT cho bảng `tbl_post`
--
ALTER TABLE `tbl_post`
  MODIFY `postID` bigint(255) NOT NULL AUTO_INCREMENT, AUTO_INCREMENT=32;

--
-- AUTO_INCREMENT cho bảng `tbl_role`
--
ALTER TABLE `tbl_role`
  MODIFY `roleID` int(11) NOT NULL AUTO_INCREMENT, AUTO_INCREMENT=4;

--
-- AUTO_INCREMENT cho bảng `tbl_roleurl`
--
ALTER TABLE `tbl_roleurl`
  MODIFY `urlID` int(11) NOT NULL AUTO_INCREMENT, AUTO_INCREMENT=19;

--
-- Các ràng buộc cho các bảng đã đổ
--

--
-- Các ràng buộc cho bảng `tbl_admin`
--
ALTER TABLE `tbl_admin`
  ADD CONSTRAINT `tbl_admin_ibfk_1` FOREIGN KEY (`roleID`) REFERENCES `tbl_role` (`roleID`) ON DELETE CASCADE ON UPDATE NO ACTION;

--
-- Các ràng buộc cho bảng `tbl_adminmenu`
--
ALTER TABLE `tbl_adminmenu`
  ADD CONSTRAINT `tbl_adminmenu_tbl_adminmenu_adminMenuID_fk` FOREIGN KEY (`ParentLevel`) REFERENCES `tbl_adminmenu` (`adminMenuID`) ON DELETE SET NULL;

--
-- Các ràng buộc cho bảng `tbl_adminmenurole`
--
ALTER TABLE `tbl_adminmenurole`
  ADD CONSTRAINT `tbl_adminmenurole_ibfk_1` FOREIGN KEY (`adminMenuID`) REFERENCES `tbl_adminmenu` (`adminMenuID`) ON DELETE CASCADE ON UPDATE NO ACTION,
  ADD CONSTRAINT `tbl_adminmenurole_ibfk_2` FOREIGN KEY (`roleID`) REFERENCES `tbl_role` (`roleID`) ON DELETE CASCADE ON UPDATE NO ACTION;

--
-- Các ràng buộc cho bảng `tbl_comment`
--
ALTER TABLE `tbl_comment`
  ADD CONSTRAINT `tbl_comment_ibfk_1` FOREIGN KEY (`postID`) REFERENCES `tbl_post` (`postID`) ON DELETE CASCADE ON UPDATE NO ACTION;

--
-- Các ràng buộc cho bảng `tbl_post`
--
ALTER TABLE `tbl_post`
  ADD CONSTRAINT `tbl_post_ibfk_1` FOREIGN KEY (`adminID`) REFERENCES `tbl_admin` (`adminID`),
  ADD CONSTRAINT `tbl_post_tbl_category_catID_fk` FOREIGN KEY (`catID`) REFERENCES `tbl_category` (`catID`) ON DELETE CASCADE;

--
-- Các ràng buộc cho bảng `tbl_roleurl`
--
ALTER TABLE `tbl_roleurl`
  ADD CONSTRAINT `tbl_roleurl_tbl_role_roleID_fk` FOREIGN KEY (`roleID`) REFERENCES `tbl_role` (`roleID`) ON DELETE CASCADE;
COMMIT;

/*!40101 SET CHARACTER_SET_CLIENT=@OLD_CHARACTER_SET_CLIENT */;
/*!40101 SET CHARACTER_SET_RESULTS=@OLD_CHARACTER_SET_RESULTS */;
/*!40101 SET COLLATION_CONNECTION=@OLD_COLLATION_CONNECTION */;
